[[{"__type__":"cc.Prefab","_name":"GameFinishUI","data":{"__id__":1}},{"__type__":"cc.Node","_name":"GameFinishUI","_children":[{"__id__":2},{"__id__":3}],"_level":1,"_components":[{"__type__":"70609wjrC9M6asQUUB/YoGT","node":{"__id__":1},"info":{"__id__":3},"share":{"__id__":103},"close":{"__id__":105}}],"_prefab":{"__type__":"cc.PrefabInfo","root":{"__id__":1},"asset":{"__uuid__":"5fRnfqimlDT4NCwavPOvxk"},"fileId":"67394fHS4NCp7Z6oKxI1794"},"_scale":{"__type__":"cc.Vec3","x":1,"y":1,"z":1}},{"__type__":"cc.Node","_name":"layout","_parent":{"__id__":1},"_components":[{"__type__":"cc.Sprite","node":{"__id__":2},"_spriteFrame":{"__uuid__":"9bvaMerUlDyary99mJa6xp"},"_type":1,"_sizeMode":0},{"__type__":"cc.Layout","node":{"__id__":2},"_layoutSize":{"__type__":"cc.Size","width":750,"height":1334}},{"__type__":"cc.Button","node":{"__id__":2},"_N$target":{"__id__":2}}],"_prefab":{"__type__":"cc.PrefabInfo","root":{"__id__":1},"asset":{"__uuid__":"5fRnfqimlDT4NCwavPOvxk"},"fileId":"cc9c137pepKw7YoQ/zGrmAq"},"_opacity":191,"_color":{"__type__":"cc.Color"},"_contentSize":{"__type__":"cc.Size","width":750,"height":1334},"_scale":{"__type__":"cc.Vec3","x":1,"y":1,"z":1}},{"__type__":"cc.Node","_name":"info","_parent":{"__id__":1},"_children":[{"__id__":4},{"__id__":5},{"__id__":14},{"__id__":19},{"__id__":100},{"__id__":104}],"_prefab":{"__type__":"cc.PrefabInfo","root":{"__id__":1},"asset":{"__uuid__":"5fRnfqimlDT4NCwavPOvxk"},"fileId":"099a6Qm6jxISJDSZ4QVadWe"},"_contentSize":{"__type__":"cc.Size","width":603,"height":1000},"_position":{"__type__":"cc.Vec3","y":-79},"_scale":{"__type__":"cc.Vec3","x":0.9,"y":0.9,"z":1}},{"__type__":"cc.Node","_name":"bg","_parent":{"__id__":3},"_components":[{"__type__":"cc.Sprite","node":{"__id__":4},"_spriteFrame":{"__uuid__":"8a8gbiJWlBpZOTP3vpOIht"},"_sizeMode":0}],"_prefab":{"__type__":"cc.PrefabInfo","root":{"__id__":1},"asset":{"__uuid__":"5fRnfqimlDT4NCwavPOvxk"},"fileId":"39feezzd9pOKZW3rPUxGrgW"},"_contentSize":{"__type__":"cc.Size","width":600,"height":1000},"_position":{"__type__":"cc.Vec3","y":160},"_scale":{"__type__":"cc.Vec3","x":1,"y":1,"z":1}},{"__type__":"cc.Node","_name":"roominfo","_parent":{"__id__":3},"_children":[{"__id__":6},{"__id__":7},{"__id__":8},{"__id__":9},{"__id__":10},{"__id__":11},{"__id__":12},{"__id__":13}],"_prefab":{"__type__":"cc.PrefabInfo","root":{"__id__":1},"asset":{"__uuid__":"5fRnfqimlDT4NCwavPOvxk"},"fileId":"4999ddMfGVOx58z6Uzlw5M9"},"_position":{"__type__":"cc.Vec3","y":29.2},"_scale":{"__type__":"cc.Vec3","x":1,"y":1,"z":1}},{"__type__":"cc.Node","_name":"New Layout","_parent":{"__id__":5},"_components":[{"__type__":"cc.Sprite","node":{"__id__":6},"_spriteFrame":{"__uuid__":"9bvaMerUlDyary99mJa6xp"},"_type":1,"_sizeMode":0},{"__type__":"cc.Layout","node":{"__id__":6},"_layoutSize":{"__type__":"cc.Size","width":540,"height":40}}],"_prefab":{"__type__":"cc.PrefabInfo","root":{"__id__":1},"asset":{"__uuid__":"5fRnfqimlDT4NCwavPOvxk"},"fileId":"5b697r7r+lCCJpZV2coB49f"},"_opacity":160,"_color":{"__type__":"cc.Color"},"_contentSize":{"__type__":"cc.Size","width":540,"height":40},"_position":{"__type__":"cc.Vec3","x":-2,"y":343},"_scale":{"__type__":"cc.Vec3","x":1,"y":1,"z":1}},{"__type__":"cc.Node","_name":"room_bg","_parent":{"__id__":5},"_components":[{"__type__":"cc.Layout","node":{"__id__":7}}],"_prefab":{"__type__":"cc.PrefabInfo","root":{"__id__":1},"asset":{"__uuid__":"5fRnfqimlDT4NCwavPOvxk"},"fileId":"11a5cmy3MpDqqS8rRWXCit5"},"_color":{"__type__":"cc.Color"},"_contentSize":{"__type__":"cc.Size","width":540,"height":39.7},"_position":{"__type__":"cc.Vec3","x":-2,"y":340},"_scale":{"__type__":"cc.Vec3","x":1,"y":1,"z":1}},{"__type__":"cc.Node","_name":"roomnum_str","_parent":{"__id__":5},"_components":[{"__type__":"cc.Label","node":{"__id__":8},"_srcBlendFactor":1,"_useOriginalSize":false,"_string":"房间号: ","_N$string":"房间号: ","_fontSize":25,"_lineHeight":25,"_N$horizontalAlign":1,"_N$verticalAlign":1}],"_prefab":{"__type__":"cc.PrefabInfo","root":{"__id__":1},"asset":{"__uuid__":"5fRnfqimlDT4NCwavPOvxk"},"fileId":"b1ef3qbNKVOpI0xONqpB9nK"},"_contentSize":{"__type__":"cc.Size","width":88.89,"height":25},"_position":{"__type__":"cc.Vec3","x":-203.4,"y":344},"_scale":{"__type__":"cc.Vec3","x":1,"y":1,"z":1}},{"__type__":"cc.Node","_name":"roomnum","_parent":{"__id__":5},"_components":[{"__type__":"cc.Label","node":{"__id__":9},"_srcBlendFactor":1,"_useOriginalSize":false,"_string":"123456","_N$string":"123456","_fontSize":25,"_lineHeight":25,"_N$horizontalAlign":1,"_N$verticalAlign":1}],"_prefab":{"__type__":"cc.PrefabInfo","root":{"__id__":1},"asset":{"__uuid__":"5fRnfqimlDT4NCwavPOvxk"},"fileId":"dec9ePHf3JBba83dY4sr8l1"},"_contentSize":{"__type__":"cc.Size","width":83.42,"height":25},"_position":{"__type__":"cc.Vec3","x":-111,"y":344},"_scale":{"__type__":"cc.Vec3","x":1,"y":1,"z":1}},{"__type__":"cc.Node","_name":"roomuser","_parent":{"__id__":5},"_components":[{"__type__":"cc.Label","node":{"__id__":10},"_srcBlendFactor":1,"_useOriginalSize":false,"_fontSize":25,"_lineHeight":25,"_N$overflow":1}],"_prefab":{"__type__":"cc.PrefabInfo","root":{"__id__":1},"asset":{"__uuid__":"5fRnfqimlDT4NCwavPOvxk"},"fileId":"77537i+awRBkKh9H9Rj0D+t"},"_color":{"__type__":"cc.Color","r":111,"g":51,"b":151},"_contentSize":{"__type__":"cc.Size","width":200,"height":25},"_anchorPoint":{"__type__":"cc.Vec2","y":0.5},"_position":{"__type__":"cc.Vec3","x":49,"y":346},"_scale":{"__type__":"cc.Vec3","x":1,"y":1,"z":1}},{"__type__":"cc.Node","_name":"jushu","_parent":{"__id__":5},"_components":[{"__type__":"cc.Label","node":{"__id__":11},"_srcBlendFactor":1,"_useOriginalSize":false,"_string":"5","_N$string":"5","_fontSize":25,"_lineHeight":25,"_N$horizontalAlign":1,"_N$verticalAlign":1}],"_prefab":{"__type__":"cc.PrefabInfo","root":{"__id__":1},"asset":{"__uuid__":"5fRnfqimlDT4NCwavPOvxk"},"fileId":"e9e48rz8rNO1pl+cO3Fbguk"},"_contentSize":{"__type__":"cc.Size","width":13.9,"height":25},"_position":{"__type__":"cc.Vec3","x":182,"y":344},"_scale":{"__type__":"cc.Vec3","x":1,"y":1,"z":1}},{"__type__":"cc.Node","_name":"starttime","_parent":{"__id__":5},"_components":[{"__type__":"cc.Label","node":{"__id__":12},"_srcBlendFactor":1,"_useOriginalSize":false,"_string":"06-28 14:30","_N$string":"06-28 14:30","_fontSize":25,"_lineHeight":25,"_N$horizontalAlign":1,"_N$verticalAlign":1}],"_prefab":{"__type__":"cc.PrefabInfo","root":{"__id__":1},"asset":{"__uuid__":"5fRnfqimlDT4NCwavPOvxk"},"fileId":"42891G64UFBLI54cd+cUV4p"},"_contentSize":{"__type__":"cc.Size","width":133.45,"height":25},"_position":{"__type__":"cc.Vec3","x":29,"y":344},"_scale":{"__type__":"cc.Vec3","x":1,"y":1,"z":1}},{"__type__":"cc.Node","_name":"jushu_str","_parent":{"__id__":5},"_components":[{"__type__":"cc.Label","node":{"__id__":13},"_srcBlendFactor":1,"_useOriginalSize":false,"_string":"局","_N$string":"局","_fontSize":25,"_lineHeight":25,"_N$horizontalAlign":1,"_N$verticalAlign":1}],"_prefab":{"__type__":"cc.PrefabInfo","root":{"__id__":1},"asset":{"__uuid__":"5fRnfqimlDT4NCwavPOvxk"},"fileId":"50b04nIMhNEz5ObenTGFmJk"},"_contentSize":{"__type__":"cc.Size","width":25,"height":25},"_position":{"__type__":"cc.Vec3","x":207,"y":344},"_scale":{"__type__":"cc.Vec3","x":1,"y":1,"z":1}},{"__type__":"cc.Node","_name":"title","_parent":{"__id__":3},"_children":[{"__id__":15},{"__id__":16},{"__id__":17},{"__id__":18}],"_prefab":{"__type__":"cc.PrefabInfo","root":{"__id__":1},"asset":{"__uuid__":"5fRnfqimlDT4NCwavPOvxk"},"fileId":"fd313i45A1DEJ+FXefWsWWt"},"_position":{"__type__":"cc.Vec3","y":153.4},"_scale":{"__type__":"cc.Vec3","x":1,"y":1,"z":1}},{"__type__":"cc.Node","_name":"sort","_parent":{"__id__":14},"_components":[{"__type__":"cc.Label","node":{"__id__":15},"_srcBlendFactor":1,"_useOriginalSize":false,"_string":"排名","_N$string":"排名","_fontSize":32,"_N$horizontalAlign":1,"_N$verticalAlign":1}],"_prefab":{"__type__":"cc.PrefabInfo","root":{"__id__":1},"asset":{"__uuid__":"5fRnfqimlDT4NCwavPOvxk"},"fileId":"276b18c9yVG9YqyvFaqEvBF"},"_color":{"__type__":"cc.Color","r":197,"g":115,"b":252},"_contentSize":{"__type__":"cc.Size","width":64,"height":40},"_position":{"__type__":"cc.Vec3","x":-232,"y":176},"_scale":{"__type__":"cc.Vec3","x":1,"y":1,"z":1}},{"__type__":"cc.Node","_name":"username","_parent":{"__id__":14},"_components":[{"__type__":"cc.Label","node":{"__id__":16},"_srcBlendFactor":1,"_useOriginalSize":false,"_string":"玩家","_N$string":"玩家","_fontSize":32,"_N$horizontalAlign":1,"_N$verticalAlign":1}],"_prefab":{"__type__":"cc.PrefabInfo","root":{"__id__":1},"asset":{"__uuid__":"5fRnfqimlDT4NCwavPOvxk"},"fileId":"cd3e19Twp5D3Zt67+XugzzQ"},"_color":{"__type__":"cc.Color","r":197,"g":115,"b":252},"_contentSize":{"__type__":"cc.Size","width":64,"height":40},"_position":{"__type__":"cc.Vec3","x":-117,"y":176},"_scale":{"__type__":"cc.Vec3","x":1,"y":1,"z":1}},{"__type__":"cc.Node","_name":"id","_parent":{"__id__":14},"_active":false,"_components":[{"__type__":"cc.Label","node":{"__id__":17},"_useOriginalSize":false,"_string":"ID","_N$string":"ID","_fontSize":32,"_N$horizontalAlign":1,"_N$verticalAlign":1}],"_prefab":{"__type__":"cc.PrefabInfo","root":{"__id__":1},"asset":{"__uuid__":"5fRnfqimlDT4NCwavPOvxk"},"fileId":"caee7XLHRVKFqaiC5guQynU"},"_color":{"__type__":"cc.Color","r":197,"g":115,"b":252},"_contentSize":{"__type__":"cc.Size","width":32,"height":40},"_position":{"__type__":"cc.Vec3","x":107,"y":152},"_scale":{"__type__":"cc.Vec3","x":1,"y":1,"z":1}},{"__type__":"cc.Node","_name":"score","_parent":{"__id__":14},"_components":[{"__type__":"cc.Label","node":{"__id__":18},"_srcBlendFactor":1,"_useOriginalSize":false,"_string":"分数","_N$string":"分数","_fontSize":32,"_N$horizontalAlign":1,"_N$verticalAlign":1}],"_prefab":{"__type__":"cc.PrefabInfo","root":{"__id__":1},"asset":{"__uuid__":"5fRnfqimlDT4NCwavPOvxk"},"fileId":"ff837zbrVpDgqbJUb5biRUR"},"_color":{"__type__":"cc.Color","r":197,"g":115,"b":252},"_contentSize":{"__type__":"cc.Size","width":64,"height":40},"_position":{"__type__":"cc.Vec3","x":100,"y":176},"_scale":{"__type__":"cc.Vec3","x":1,"y":1,"z":1}},{"__type__":"cc.Node","_name":"user","_parent":{"__id__":3},"_children":[{"__id__":20},{"__id__":28},{"__id__":36},{"__id__":44},{"__id__":52},{"__id__":60},{"__id__":68},{"__id__":76},{"__id__":84},{"__id__":92}],"_prefab":{"__type__":"cc.PrefabInfo","root":{"__id__":1},"asset":{"__uuid__":"5fRnfqimlDT4NCwavPOvxk"},"fileId":"efa4creu1xAxbqRbN9SFbbx"},"_position":{"__type__":"cc.Vec3","x":-3,"y":158},"_scale":{"__type__":"cc.Vec3","x":1,"y":1,"z":1}},{"__type__":"cc.Node","_name":"user1","_parent":{"__id__":19},"_children":[{"__id__":21},{"__id__":22},{"__id__":23},{"__id__":24},{"__id__":25},{"__id__":26},{"__id__":27}],"_active":false,"_prefab":{"__type__":"cc.PrefabInfo","root":{"__id__":1},"asset":{"__uuid__":"5fRnfqimlDT4NCwavPOvxk"},"fileId":"b1ab17fjRBBAac9qv2QwNgs"},"_position":{"__type__":"cc.Vec3","y":30},"_scale":{"__type__":"cc.Vec3","x":1,"y":1,"z":1}},{"__type__":"cc.Node","_name":"bg","_parent":{"__id__":20},"_components":[{"__type__":"cc.Sprite","node":{"__id__":21},"_spriteFrame":{"__uuid__":"70RMFVdnRNmqcm+Ze+ygYJ"},"_sizeMode":0}],"_prefab":{"__type__":"cc.PrefabInfo","root":{"__id__":1},"asset":{"__uuid__":"5fRnfqimlDT4NCwavPOvxk"},"fileId":"cf24c0mQRpKhpsbNh7Ug2B3"},"_contentSize":{"__type__":"cc.Size","width":540,"height":60},"_position":{"__type__":"cc.Vec3","y":91},"_scale":{"__type__":"cc.Vec3","x":1,"y":1,"z":1}},{"__type__":"cc.Node","_name":"sort","_parent":{"__id__":20},"_components":[{"__type__":"cc.Label","node":{"__id__":22},"_srcBlendFactor":1,"_useOriginalSize":false,"_string":"1","_N$string":"1","_N$horizontalAlign":1,"_N$verticalAlign":1}],"_prefab":{"__type__":"cc.PrefabInfo","root":{"__id__":1},"asset":{"__uuid__":"5fRnfqimlDT4NCwavPOvxk"},"fileId":"b3571U7ktxIaoDNtThvhgAc"},"_contentSize":{"__type__":"cc.Size","width":22.25,"height":40},"_position":{"__type__":"cc.Vec3","x":-232,"y":93},"_scale":{"__type__":"cc.Vec3","x":1,"y":1,"z":1}},{"__type__":"cc.Node","_name":"icon","_parent":{"__id__":20},"_components":[{"__type__":"cc.Sprite","node":{"__id__":23},"_sizeMode":0}],"_prefab":{"__type__":"cc.PrefabInfo","root":{"__id__":1},"asset":{"__uuid__":"5fRnfqimlDT4NCwavPOvxk"},"fileId":"fea4ay1PMlEfbweaVRbpK2t"},"_contentSize":{"__type__":"cc.Size","width":55,"height":55},"_position":{"__type__":"cc.Vec3","x":-143,"y":92.2},"_scale":{"__type__":"cc.Vec3","x":1,"y":1,"z":1}},{"__type__":"cc.Node","_name":"fangzhu","_parent":{"__id__":20},"_components":[{"__type__":"cc.Sprite","node":{"__id__":24},"_spriteFrame":{"__uuid__":"96hS54SGBNnp5gP+9vczne"},"_sizeMode":0}],"_prefab":{"__type__":"cc.PrefabInfo","root":{"__id__":1},"asset":{"__uuid__":"5fRnfqimlDT4NCwavPOvxk"},"fileId":"a45a1zWqFJGmYJNkFBgwgyG"},"_contentSize":{"__type__":"cc.Size","width":32,"height":60},"_position":{"__type__":"cc.Vec3","x":201,"y":91},"_scale":{"__type__":"cc.Vec3","x":1,"y":1,"z":1}},{"__type__":"cc.Node","_name":"username","_parent":{"__id__":20},"_components":[{"__type__":"cc.Label","node":{"__id__":25},"_srcBlendFactor":1,"_useOriginalSize":false,"_string":"张三张三","_N$string":"张三张三","_fontSize":32,"_N$overflow":1}],"_prefab":{"__type__":"cc.PrefabInfo","root":{"__id__":1},"asset":{"__uuid__":"5fRnfqimlDT4NCwavPOvxk"},"fileId":"feb04ONX/1LuaRa6dmpn6zC"},"_contentSize":{"__type__":"cc.Size","width":130,"height":40},"_anchorPoint":{"__type__":"cc.Vec2","y":0.5},"_position":{"__type__":"cc.Vec3","x":-97,"y":91},"_scale":{"__type__":"cc.Vec3","x":1,"y":1,"z":1}},{"__type__":"cc.Node","_name":"id","_parent":{"__id__":20},"_active":false,"_components":[{"__type__":"cc.Label","node":{"__id__":26},"_useOriginalSize":false,"_string":"123456","_N$string":"123456","_fontSize":32,"_N$horizontalAlign":1,"_N$verticalAlign":1}],"_prefab":{"__type__":"cc.PrefabInfo","root":{"__id__":1},"asset":{"__uuid__":"5fRnfqimlDT4NCwavPOvxk"},"fileId":"ae0742lHHdCf44Xmb167goB"},"_contentSize":{"__type__":"cc.Size","width":106.78,"height":40},"_position":{"__type__":"cc.Vec3","x":107,"y":93},"_scale":{"__type__":"cc.Vec3","x":1,"y":1,"z":1}},{"__type__":"cc.Node","_name":"score","_parent":{"__id__":20},"_components":[{"__type__":"cc.Label","node":{"__id__":27},"_srcBlendFactor":1,"_useOriginalSize":false,"_string":"10","_N$string":"10","_fontSize":32,"_N$horizontalAlign":1,"_N$verticalAlign":1}],"_prefab":{"__type__":"cc.PrefabInfo","root":{"__id__":1},"asset":{"__uuid__":"5fRnfqimlDT4NCwavPOvxk"},"fileId":"afed3TL6YZKaYuWDEmSW8/c"},"_contentSize":{"__type__":"cc.Size","width":35.59,"height":40},"_position":{"__type__":"cc.Vec3","x":100,"y":93},"_scale":{"__type__":"cc.Vec3","x":1,"y":1,"z":1}},{"__type__":"cc.Node","_name":"user2","_parent":{"__id__":19},"_children":[{"__id__":29},{"__id__":30},{"__id__":31},{"__id__":32},{"__id__":33},{"__id__":34},{"__id__":35}],"_active":false,"_prefab":{"__type__":"cc.PrefabInfo","root":{"__id__":1},"asset":{"__uuid__":"5fRnfqimlDT4NCwavPOvxk"},"fileId":"b69c9glPchOxIWdZWHtjDEw"},"_position":{"__type__":"cc.Vec3","y":-33},"_scale":{"__type__":"cc.Vec3","x":1,"y":1,"z":1}},{"__type__":"cc.Node","_name":"bg","_parent":{"__id__":28},"_components":[{"__type__":"cc.Sprite","node":{"__id__":29},"_spriteFrame":{"__uuid__":"70RMFVdnRNmqcm+Ze+ygYJ"},"_sizeMode":0}],"_prefab":{"__type__":"cc.PrefabInfo","root":{"__id__":1},"asset":{"__uuid__":"5fRnfqimlDT4NCwavPOvxk"},"fileId":"9a6adVY3LZAkpDipnAXz1cc"},"_contentSize":{"__type__":"cc.Size","width":540,"height":60},"_position":{"__type__":"cc.Vec3","y":91},"_scale":{"__type__":"cc.Vec3","x":1,"y":1,"z":1}},{"__type__":"cc.Node","_name":"sort","_parent":{"__id__":28},"_components":[{"__type__":"cc.Label","node":{"__id__":30},"_useOriginalSize":false,"_string":"2","_N$string":"2","_N$horizontalAlign":1,"_N$verticalAlign":1}],"_prefab":{"__type__":"cc.PrefabInfo","root":{"__id__":1},"asset":{"__uuid__":"5fRnfqimlDT4NCwavPOvxk"},"fileId":"a9657rkUwtM/7u80ZVWZrJj"},"_contentSize":{"__type__":"cc.Size","width":22.25,"height":40},"_position":{"__type__":"cc.Vec3","x":-232,"y":93},"_scale":{"__type__":"cc.Vec3","x":1,"y":1,"z":1}},{"__type__":"cc.Node","_name":"icon","_parent":{"__id__":28},"_components":[{"__type__":"cc.Sprite","node":{"__id__":31},"_sizeMode":0}],"_prefab":{"__type__":"cc.PrefabInfo","root":{"__id__":1},"asset":{"__uuid__":"5fRnfqimlDT4NCwavPOvxk"},"fileId":"bd3d4ZsIWlPIYCwmW9O3v1P"},"_contentSize":{"__type__":"cc.Size","width":55,"height":55},"_position":{"__type__":"cc.Vec3","x":-143,"y":89},"_scale":{"__type__":"cc.Vec3","x":1,"y":1,"z":1}},{"__type__":"cc.Node","_name":"fangzhu","_parent":{"__id__":28},"_components":[{"__type__":"cc.Sprite","node":{"__id__":32},"_spriteFrame":{"__uuid__":"96hS54SGBNnp5gP+9vczne"},"_sizeMode":0}],"_prefab":{"__type__":"cc.PrefabInfo","root":{"__id__":1},"asset":{"__uuid__":"5fRnfqimlDT4NCwavPOvxk"},"fileId":"b731dENS6ZLkZ/eKBKsuI/e"},"_contentSize":{"__type__":"cc.Size","width":32,"height":60},"_position":{"__type__":"cc.Vec3","x":201,"y":91},"_scale":{"__type__":"cc.Vec3","x":1,"y":1,"z":1}},{"__type__":"cc.Node","_name":"username","_parent":{"__id__":28},"_components":[{"__type__":"cc.Label","node":{"__id__":33},"_useOriginalSize":false,"_string":"张三张三","_N$string":"张三张三","_fontSize":32,"_N$overflow":1}],"_prefab":{"__type__":"cc.PrefabInfo","root":{"__id__":1},"asset":{"__uuid__":"5fRnfqimlDT4NCwavPOvxk"},"fileId":"c9cd9jlT6ZAerkotqZ0wsJ5"},"_contentSize":{"__type__":"cc.Size","width":130,"height":40},"_anchorPoint":{"__type__":"cc.Vec2","y":0.5},"_position":{"__type__":"cc.Vec3","x":-97,"y":91},"_scale":{"__type__":"cc.Vec3","x":1,"y":1,"z":1}},{"__type__":"cc.Node","_name":"id","_parent":{"__id__":28},"_active":false,"_components":[{"__type__":"cc.Label","node":{"__id__":34},"_useOriginalSize":false,"_string":"123456","_N$string":"123456","_fontSize":32,"_N$horizontalAlign":1,"_N$verticalAlign":1}],"_prefab":{"__type__":"cc.PrefabInfo","root":{"__id__":1},"asset":{"__uuid__":"5fRnfqimlDT4NCwavPOvxk"},"fileId":"96be24jaKNIjLa/ioW2P4vT"},"_contentSize":{"__type__":"cc.Size","width":106.78,"height":40},"_position":{"__type__":"cc.Vec3","x":107,"y":93},"_scale":{"__type__":"cc.Vec3","x":1,"y":1,"z":1}},{"__type__":"cc.Node","_name":"score","_parent":{"__id__":28},"_components":[{"__type__":"cc.Label","node":{"__id__":35},"_useOriginalSize":false,"_string":"10","_N$string":"10","_fontSize":32,"_N$horizontalAlign":1,"_N$verticalAlign":1}],"_prefab":{"__type__":"cc.PrefabInfo","root":{"__id__":1},"asset":{"__uuid__":"5fRnfqimlDT4NCwavPOvxk"},"fileId":"2fb3ePElo1CSZKGxMjZUwVg"},"_contentSize":{"__type__":"cc.Size","width":35.59,"height":40},"_position":{"__type__":"cc.Vec3","x":100,"y":93},"_scale":{"__type__":"cc.Vec3","x":1,"y":1,"z":1}},{"__type__":"cc.Node","_name":"user3","_parent":{"__id__":19},"_children":[{"__id__":37},{"__id__":38},{"__id__":39},{"__id__":40},{"__id__":41},{"__id__":42},{"__id__":43}],"_active":false,"_prefab":{"__type__":"cc.PrefabInfo","root":{"__id__":1},"asset":{"__uuid__":"5fRnfqimlDT4NCwavPOvxk"},"fileId":"bcd88SxiB9MhpushOA4cQpM"},"_position":{"__type__":"cc.Vec3","y":-96},"_scale":{"__type__":"cc.Vec3","x":1,"y":1,"z":1}},{"__type__":"cc.Node","_name":"bg","_parent":{"__id__":36},"_components":[{"__type__":"cc.Sprite","node":{"__id__":37},"_spriteFrame":{"__uuid__":"70RMFVdnRNmqcm+Ze+ygYJ"},"_sizeMode":0}],"_prefab":{"__type__":"cc.PrefabInfo","root":{"__id__":1},"asset":{"__uuid__":"5fRnfqimlDT4NCwavPOvxk"},"fileId":"cbc50jbsXRB5aTAcfyz/1S2"},"_contentSize":{"__type__":"cc.Size","width":540,"height":60},"_position":{"__type__":"cc.Vec3","y":91},"_scale":{"__type__":"cc.Vec3","x":1,"y":1,"z":1}},{"__type__":"cc.Node","_name":"sort","_parent":{"__id__":36},"_components":[{"__type__":"cc.Label","node":{"__id__":38},"_useOriginalSize":false,"_string":"3","_N$string":"3","_N$horizontalAlign":1,"_N$verticalAlign":1}],"_prefab":{"__type__":"cc.PrefabInfo","root":{"__id__":1},"asset":{"__uuid__":"5fRnfqimlDT4NCwavPOvxk"},"fileId":"64dacMKxkBMAZhU7S9sZ0nI"},"_contentSize":{"__type__":"cc.Size","width":22.25,"height":40},"_position":{"__type__":"cc.Vec3","x":-232,"y":93},"_scale":{"__type__":"cc.Vec3","x":1,"y":1,"z":1}},{"__type__":"cc.Node","_name":"icon","_parent":{"__id__":36},"_components":[{"__type__":"cc.Sprite","node":{"__id__":39},"_sizeMode":0}],"_prefab":{"__type__":"cc.PrefabInfo","root":{"__id__":1},"asset":{"__uuid__":"5fRnfqimlDT4NCwavPOvxk"},"fileId":"5acd3MFGylG1YN+MHpA61FN"},"_contentSize":{"__type__":"cc.Size","width":55,"height":55},"_position":{"__type__":"cc.Vec3","x":-143,"y":89},"_scale":{"__type__":"cc.Vec3","x":1,"y":1,"z":1}},{"__type__":"cc.Node","_name":"fangzhu","_parent":{"__id__":36},"_components":[{"__type__":"cc.Sprite","node":{"__id__":40},"_spriteFrame":{"__uuid__":"96hS54SGBNnp5gP+9vczne"},"_sizeMode":0}],"_prefab":{"__type__":"cc.PrefabInfo","root":{"__id__":1},"asset":{"__uuid__":"5fRnfqimlDT4NCwavPOvxk"},"fileId":"b8ae62gxB5BCYN/snIe5Q5J"},"_contentSize":{"__type__":"cc.Size","width":32,"height":64},"_position":{"__type__":"cc.Vec3","x":201,"y":91},"_scale":{"__type__":"cc.Vec3","x":1,"y":1,"z":1}},{"__type__":"cc.Node","_name":"username","_parent":{"__id__":36},"_components":[{"__type__":"cc.Label","node":{"__id__":41},"_useOriginalSize":false,"_string":"张三张三","_N$string":"张三张三","_fontSize":32,"_N$overflow":1}],"_prefab":{"__type__":"cc.PrefabInfo","root":{"__id__":1},"asset":{"__uuid__":"5fRnfqimlDT4NCwavPOvxk"},"fileId":"14579AE9b1Bz7cO8hy/S1cK"},"_contentSize":{"__type__":"cc.Size","width":130,"height":40},"_anchorPoint":{"__type__":"cc.Vec2","y":0.5},"_position":{"__type__":"cc.Vec3","x":-97,"y":91},"_scale":{"__type__":"cc.Vec3","x":1,"y":1,"z":1}},{"__type__":"cc.Node","_name":"id","_parent":{"__id__":36},"_active":false,"_components":[{"__type__":"cc.Label","node":{"__id__":42},"_useOriginalSize":false,"_string":"123456","_N$string":"123456","_fontSize":32,"_N$horizontalAlign":1,"_N$verticalAlign":1}],"_prefab":{"__type__":"cc.PrefabInfo","root":{"__id__":1},"asset":{"__uuid__":"5fRnfqimlDT4NCwavPOvxk"},"fileId":"83d1atiNHJB6rxwjIvAe17k"},"_contentSize":{"__type__":"cc.Size","width":106.78,"height":40},"_position":{"__type__":"cc.Vec3","x":107,"y":93},"_scale":{"__type__":"cc.Vec3","x":1,"y":1,"z":1}},{"__type__":"cc.Node","_name":"score","_parent":{"__id__":36},"_components":[{"__type__":"cc.Label","node":{"__id__":43},"_useOriginalSize":false,"_string":"10","_N$string":"10","_fontSize":32,"_N$horizontalAlign":1,"_N$verticalAlign":1}],"_prefab":{"__type__":"cc.PrefabInfo","root":{"__id__":1},"asset":{"__uuid__":"5fRnfqimlDT4NCwavPOvxk"},"fileId":"d1610LqR95O264bYzmckjuI"},"_contentSize":{"__type__":"cc.Size","width":35.59,"height":40},"_position":{"__type__":"cc.Vec3","x":100,"y":93},"_scale":{"__type__":"cc.Vec3","x":1,"y":1,"z":1}},{"__type__":"cc.Node","_name":"user4","_parent":{"__id__":19},"_children":[{"__id__":45},{"__id__":46},{"__id__":47},{"__id__":48},{"__id__":49},{"__id__":50},{"__id__":51}],"_active":false,"_prefab":{"__type__":"cc.PrefabInfo","root":{"__id__":1},"asset":{"__uuid__":"5fRnfqimlDT4NCwavPOvxk"},"fileId":"85bf16Doq1Hc7I2V0MponXz"},"_position":{"__type__":"cc.Vec3","y":-159},"_scale":{"__type__":"cc.Vec3","x":1,"y":1,"z":1}},{"__type__":"cc.Node","_name":"bg","_parent":{"__id__":44},"_components":[{"__type__":"cc.Sprite","node":{"__id__":45},"_spriteFrame":{"__uuid__":"70RMFVdnRNmqcm+Ze+ygYJ"},"_sizeMode":0}],"_prefab":{"__type__":"cc.PrefabInfo","root":{"__id__":1},"asset":{"__uuid__":"5fRnfqimlDT4NCwavPOvxk"},"fileId":"724e8IV6MNAH4HGEUwlaIxx"},"_contentSize":{"__type__":"cc.Size","width":540,"height":60},"_position":{"__type__":"cc.Vec3","y":91},"_scale":{"__type__":"cc.Vec3","x":1,"y":1,"z":1}},{"__type__":"cc.Node","_name":"sort","_parent":{"__id__":44},"_components":[{"__type__":"cc.Label","node":{"__id__":46},"_useOriginalSize":false,"_string":"4","_N$string":"4","_N$horizontalAlign":1,"_N$verticalAlign":1}],"_prefab":{"__type__":"cc.PrefabInfo","root":{"__id__":1},"asset":{"__uuid__":"5fRnfqimlDT4NCwavPOvxk"},"fileId":"89f64l/DipFWouAK4TNLaDq"},"_contentSize":{"__type__":"cc.Size","width":22.25,"height":40},"_position":{"__type__":"cc.Vec3","x":-232,"y":93},"_scale":{"__type__":"cc.Vec3","x":1,"y":1,"z":1}},{"__type__":"cc.Node","_name":"fangzhu","_parent":{"__id__":44},"_components":[{"__type__":"cc.Sprite","node":{"__id__":47},"_spriteFrame":{"__uuid__":"96hS54SGBNnp5gP+9vczne"},"_sizeMode":0}],"_prefab":{"__type__":"cc.PrefabInfo","root":{"__id__":1},"asset":{"__uuid__":"5fRnfqimlDT4NCwavPOvxk"},"fileId":"321dfdpcW1H7KtuEIxOrU0S"},"_contentSize":{"__type__":"cc.Size","width":32,"height":60},"_position":{"__type__":"cc.Vec3","x":201,"y":91},"_scale":{"__type__":"cc.Vec3","x":1,"y":1,"z":1}},{"__type__":"cc.Node","_name":"icon","_parent":{"__id__":44},"_components":[{"__type__":"cc.Sprite","node":{"__id__":48},"_sizeMode":0}],"_prefab":{"__type__":"cc.PrefabInfo","root":{"__id__":1},"asset":{"__uuid__":"5fRnfqimlDT4NCwavPOvxk"},"fileId":"f85479S04hMGIc/xQFxWIXs"},"_contentSize":{"__type__":"cc.Size","width":55,"height":55},"_position":{"__type__":"cc.Vec3","x":-143,"y":89},"_scale":{"__type__":"cc.Vec3","x":1,"y":1,"z":1}},{"__type__":"cc.Node","_name":"username","_parent":{"__id__":44},"_components":[{"__type__":"cc.Label","node":{"__id__":49},"_useOriginalSize":false,"_string":"张三张三","_N$string":"张三张三","_fontSize":32,"_N$overflow":1}],"_prefab":{"__type__":"cc.PrefabInfo","root":{"__id__":1},"asset":{"__uuid__":"5fRnfqimlDT4NCwavPOvxk"},"fileId":"ec494v71T1JIp8ozai4/bNF"},"_contentSize":{"__type__":"cc.Size","width":130,"height":40},"_anchorPoint":{"__type__":"cc.Vec2","y":0.5},"_position":{"__type__":"cc.Vec3","x":-97,"y":91},"_scale":{"__type__":"cc.Vec3","x":1,"y":1,"z":1}},{"__type__":"cc.Node","_name":"id","_parent":{"__id__":44},"_active":false,"_components":[{"__type__":"cc.Label","node":{"__id__":50},"_useOriginalSize":false,"_string":"123456","_N$string":"123456","_fontSize":32,"_N$horizontalAlign":1,"_N$verticalAlign":1}],"_prefab":{"__type__":"cc.PrefabInfo","root":{"__id__":1},"asset":{"__uuid__":"5fRnfqimlDT4NCwavPOvxk"},"fileId":"76158dk6YhKPoKl1hIbnbr/"},"_contentSize":{"__type__":"cc.Size","width":106.78,"height":40},"_position":{"__type__":"cc.Vec3","x":107,"y":93},"_scale":{"__type__":"cc.Vec3","x":1,"y":1,"z":1}},{"__type__":"cc.Node","_name":"score","_parent":{"__id__":44},"_components":[{"__type__":"cc.Label","node":{"__id__":51},"_useOriginalSize":false,"_string":"10","_N$string":"10","_fontSize":32,"_N$horizontalAlign":1,"_N$verticalAlign":1}],"_prefab":{"__type__":"cc.PrefabInfo","root":{"__id__":1},"asset":{"__uuid__":"5fRnfqimlDT4NCwavPOvxk"},"fileId":"1d304aobitJJ7YJeScIPvcS"},"_contentSize":{"__type__":"cc.Size","width":35.59,"height":40},"_position":{"__type__":"cc.Vec3","x":100,"y":93},"_scale":{"__type__":"cc.Vec3","x":1,"y":1,"z":1}},{"__type__":"cc.Node","_name":"user5","_parent":{"__id__":19},"_children":[{"__id__":53},{"__id__":54},{"__id__":55},{"__id__":56},{"__id__":57},{"__id__":58},{"__id__":59}],"_active":false,"_prefab":{"__type__":"cc.PrefabInfo","root":{"__id__":1},"asset":{"__uuid__":"5fRnfqimlDT4NCwavPOvxk"},"fileId":"d12546N6blPIKyucvV28IMb"},"_position":{"__type__":"cc.Vec3","y":-222},"_scale":{"__type__":"cc.Vec3","x":1,"y":1,"z":1}},{"__type__":"cc.Node","_name":"bg","_parent":{"__id__":52},"_components":[{"__type__":"cc.Sprite","node":{"__id__":53},"_spriteFrame":{"__uuid__":"70RMFVdnRNmqcm+Ze+ygYJ"},"_sizeMode":0}],"_prefab":{"__type__":"cc.PrefabInfo","root":{"__id__":1},"asset":{"__uuid__":"5fRnfqimlDT4NCwavPOvxk"},"fileId":"b8677Hho7FOULfMJg6lgOoQ"},"_contentSize":{"__type__":"cc.Size","width":540,"height":60},"_position":{"__type__":"cc.Vec3","y":91},"_scale":{"__type__":"cc.Vec3","x":1,"y":1,"z":1}},{"__type__":"cc.Node","_name":"sort","_parent":{"__id__":52},"_components":[{"__type__":"cc.Label","node":{"__id__":54},"_useOriginalSize":false,"_string":"5","_N$string":"5","_N$horizontalAlign":1,"_N$verticalAlign":1}],"_prefab":{"__type__":"cc.PrefabInfo","root":{"__id__":1},"asset":{"__uuid__":"5fRnfqimlDT4NCwavPOvxk"},"fileId":"36783qQJMVEv7+pDQZ/Bb+h"},"_contentSize":{"__type__":"cc.Size","width":22.25,"height":40},"_position":{"__type__":"cc.Vec3","x":-232,"y":93},"_scale":{"__type__":"cc.Vec3","x":1,"y":1,"z":1}},{"__type__":"cc.Node","_name":"icon","_parent":{"__id__":52},"_components":[{"__type__":"cc.Sprite","node":{"__id__":55},"_sizeMode":0}],"_prefab":{"__type__":"cc.PrefabInfo","root":{"__id__":1},"asset":{"__uuid__":"5fRnfqimlDT4NCwavPOvxk"},"fileId":"ff911p67ddME4ap3MEW4/23"},"_contentSize":{"__type__":"cc.Size","width":55,"height":55},"_position":{"__type__":"cc.Vec3","x":-143,"y":89},"_scale":{"__type__":"cc.Vec3","x":1,"y":1,"z":1}},{"__type__":"cc.Node","_name":"fangzhu","_parent":{"__id__":52},"_components":[{"__type__":"cc.Sprite","node":{"__id__":56},"_spriteFrame":{"__uuid__":"96hS54SGBNnp5gP+9vczne"},"_sizeMode":0}],"_prefab":{"__type__":"cc.PrefabInfo","root":{"__id__":1},"asset":{"__uuid__":"5fRnfqimlDT4NCwavPOvxk"},"fileId":"00c90InY9pJIq1U6semgNwS"},"_contentSize":{"__type__":"cc.Size","width":32,"height":60},"_position":{"__type__":"cc.Vec3","x":201,"y":91},"_scale":{"__type__":"cc.Vec3","x":1,"y":1,"z":1}},{"__type__":"cc.Node","_name":"username","_parent":{"__id__":52},"_components":[{"__type__":"cc.Label","node":{"__id__":57},"_useOriginalSize":false,"_string":"张三张三","_N$string":"张三张三","_fontSize":32,"_N$overflow":1}],"_prefab":{"__type__":"cc.PrefabInfo","root":{"__id__":1},"asset":{"__uuid__":"5fRnfqimlDT4NCwavPOvxk"},"fileId":"5da53Of68NLUplxm9cPDiFl"},"_contentSize":{"__type__":"cc.Size","width":130,"height":40},"_anchorPoint":{"__type__":"cc.Vec2","y":0.5},"_position":{"__type__":"cc.Vec3","x":-97,"y":91},"_scale":{"__type__":"cc.Vec3","x":1,"y":1,"z":1}},{"__type__":"cc.Node","_name":"id","_parent":{"__id__":52},"_active":false,"_components":[{"__type__":"cc.Label","node":{"__id__":58},"_useOriginalSize":false,"_string":"123456","_N$string":"123456","_fontSize":32,"_N$horizontalAlign":1,"_N$verticalAlign":1}],"_prefab":{"__type__":"cc.PrefabInfo","root":{"__id__":1},"asset":{"__uuid__":"5fRnfqimlDT4NCwavPOvxk"},"fileId":"6109a0vmPxORpWiacU7xpej"},"_contentSize":{"__type__":"cc.Size","width":106.78,"height":40},"_position":{"__type__":"cc.Vec3","x":107,"y":93},"_scale":{"__type__":"cc.Vec3","x":1,"y":1,"z":1}},{"__type__":"cc.Node","_name":"score","_parent":{"__id__":52},"_components":[{"__type__":"cc.Label","node":{"__id__":59},"_useOriginalSize":false,"_string":"10","_N$string":"10","_fontSize":32,"_N$horizontalAlign":1,"_N$verticalAlign":1}],"_prefab":{"__type__":"cc.PrefabInfo","root":{"__id__":1},"asset":{"__uuid__":"5fRnfqimlDT4NCwavPOvxk"},"fileId":"92bc4oz7BJGZ7j5fSQNf1vU"},"_contentSize":{"__type__":"cc.Size","width":35.59,"height":40},"_position":{"__type__":"cc.Vec3","x":100,"y":93},"_scale":{"__type__":"cc.Vec3","x":1,"y":1,"z":1}},{"__type__":"cc.Node","_name":"user6","_parent":{"__id__":19},"_children":[{"__id__":61},{"__id__":62},{"__id__":63},{"__id__":64},{"__id__":65},{"__id__":66},{"__id__":67}],"_active":false,"_prefab":{"__type__":"cc.PrefabInfo","root":{"__id__":1},"asset":{"__uuid__":"5fRnfqimlDT4NCwavPOvxk"},"fileId":"2d62b00rQ9HZpXL6r+ixFym"},"_position":{"__type__":"cc.Vec3","y":-285},"_scale":{"__type__":"cc.Vec3","x":1,"y":1,"z":1}},{"__type__":"cc.Node","_name":"bg","_parent":{"__id__":60},"_components":[{"__type__":"cc.Sprite","node":{"__id__":61},"_spriteFrame":{"__uuid__":"70RMFVdnRNmqcm+Ze+ygYJ"},"_sizeMode":0}],"_prefab":{"__type__":"cc.PrefabInfo","root":{"__id__":1},"asset":{"__uuid__":"5fRnfqimlDT4NCwavPOvxk"},"fileId":"0eb22GGKaJMH5B4UiDo32tp"},"_contentSize":{"__type__":"cc.Size","width":540,"height":60},"_position":{"__type__":"cc.Vec3","y":91},"_scale":{"__type__":"cc.Vec3","x":1,"y":1,"z":1}},{"__type__":"cc.Node","_name":"sort","_parent":{"__id__":60},"_components":[{"__type__":"cc.Label","node":{"__id__":62},"_useOriginalSize":false,"_string":"6","_N$string":"6","_N$horizontalAlign":1,"_N$verticalAlign":1}],"_prefab":{"__type__":"cc.PrefabInfo","root":{"__id__":1},"asset":{"__uuid__":"5fRnfqimlDT4NCwavPOvxk"},"fileId":"db2afMi9KBDS5Qye3FKXbVb"},"_contentSize":{"__type__":"cc.Size","width":22.25,"height":40},"_position":{"__type__":"cc.Vec3","x":-232,"y":93},"_scale":{"__type__":"cc.Vec3","x":1,"y":1,"z":1}},{"__type__":"cc.Node","_name":"icon","_parent":{"__id__":60},"_components":[{"__type__":"cc.Sprite","node":{"__id__":63},"_sizeMode":0}],"_prefab":{"__type__":"cc.PrefabInfo","root":{"__id__":1},"asset":{"__uuid__":"5fRnfqimlDT4NCwavPOvxk"},"fileId":"ca372iN5QNJZ6W9ArGS2gpD"},"_contentSize":{"__type__":"cc.Size","width":55,"height":55},"_position":{"__type__":"cc.Vec3","x":-143,"y":89},"_scale":{"__type__":"cc.Vec3","x":1,"y":1,"z":1}},{"__type__":"cc.Node","_name":"username","_parent":{"__id__":60},"_components":[{"__type__":"cc.Label","node":{"__id__":64},"_useOriginalSize":false,"_string":"张三张三","_N$string":"张三张三","_fontSize":32,"_N$overflow":1}],"_prefab":{"__type__":"cc.PrefabInfo","root":{"__id__":1},"asset":{"__uuid__":"5fRnfqimlDT4NCwavPOvxk"},"fileId":"91822mf4E1EFrSuHa90dqQ+"},"_contentSize":{"__type__":"cc.Size","width":130,"height":40},"_anchorPoint":{"__type__":"cc.Vec2","y":0.5},"_position":{"__type__":"cc.Vec3","x":-97,"y":91},"_scale":{"__type__":"cc.Vec3","x":1,"y":1,"z":1}},{"__type__":"cc.Node","_name":"id","_parent":{"__id__":60},"_active":false,"_components":[{"__type__":"cc.Label","node":{"__id__":65},"_useOriginalSize":false,"_string":"123456","_N$string":"123456","_fontSize":32,"_N$horizontalAlign":1,"_N$verticalAlign":1}],"_prefab":{"__type__":"cc.PrefabInfo","root":{"__id__":1},"asset":{"__uuid__":"5fRnfqimlDT4NCwavPOvxk"},"fileId":"8cf9dWoMaVBjKk/wYwdgUx+"},"_contentSize":{"__type__":"cc.Size","width":106.78,"height":40},"_position":{"__type__":"cc.Vec3","x":107,"y":93},"_scale":{"__type__":"cc.Vec3","x":1,"y":1,"z":1}},{"__type__":"cc.Node","_name":"score","_parent":{"__id__":60},"_components":[{"__type__":"cc.Label","node":{"__id__":66},"_useOriginalSize":false,"_string":"10","_N$string":"10","_fontSize":32,"_N$horizontalAlign":1,"_N$verticalAlign":1}],"_prefab":{"__type__":"cc.PrefabInfo","root":{"__id__":1},"asset":{"__uuid__":"5fRnfqimlDT4NCwavPOvxk"},"fileId":"a7153s/yG9BYZ+umT98w18w"},"_contentSize":{"__type__":"cc.Size","width":35.59,"height":40},"_position":{"__type__":"cc.Vec3","x":100,"y":93},"_scale":{"__type__":"cc.Vec3","x":1,"y":1,"z":1}},{"__type__":"cc.Node","_name":"fangzhu","_parent":{"__id__":60},"_components":[{"__type__":"cc.Sprite","node":{"__id__":67},"_spriteFrame":{"__uuid__":"96hS54SGBNnp5gP+9vczne"},"_sizeMode":0}],"_prefab":{"__type__":"cc.PrefabInfo","root":{"__id__":1},"asset":{"__uuid__":"5fRnfqimlDT4NCwavPOvxk"},"fileId":"6794ewZAv9OkZyrd2rbFI1V"},"_contentSize":{"__type__":"cc.Size","width":32,"height":60},"_position":{"__type__":"cc.Vec3","x":201,"y":91},"_scale":{"__type__":"cc.Vec3","x":1,"y":1,"z":1}},{"__type__":"cc.Node","_name":"user7","_parent":{"__id__":19},"_children":[{"__id__":69},{"__id__":70},{"__id__":71},{"__id__":72},{"__id__":73},{"__id__":74},{"__id__":75}],"_active":false,"_prefab":{"__type__":"cc.PrefabInfo","root":{"__id__":1},"asset":{"__uuid__":"5fRnfqimlDT4NCwavPOvxk"},"fileId":"56fc3ngeeNAjJ5Ke+wGZ0JV"},"_position":{"__type__":"cc.Vec3","y":-348},"_scale":{"__type__":"cc.Vec3","x":1,"y":1,"z":1}},{"__type__":"cc.Node","_name":"bg","_parent":{"__id__":68},"_components":[{"__type__":"cc.Sprite","node":{"__id__":69},"_spriteFrame":{"__uuid__":"70RMFVdnRNmqcm+Ze+ygYJ"},"_sizeMode":0}],"_prefab":{"__type__":"cc.PrefabInfo","root":{"__id__":1},"asset":{"__uuid__":"5fRnfqimlDT4NCwavPOvxk"},"fileId":"8bd77L8R2hLoIZQv4CnWE6b"},"_contentSize":{"__type__":"cc.Size","width":540,"height":60},"_position":{"__type__":"cc.Vec3","y":91},"_scale":{"__type__":"cc.Vec3","x":1,"y":1,"z":1}},{"__type__":"cc.Node","_name":"sort","_parent":{"__id__":68},"_components":[{"__type__":"cc.Label","node":{"__id__":70},"_useOriginalSize":false,"_string":"7","_N$string":"7","_N$horizontalAlign":1,"_N$verticalAlign":1}],"_prefab":{"__type__":"cc.PrefabInfo","root":{"__id__":1},"asset":{"__uuid__":"5fRnfqimlDT4NCwavPOvxk"},"fileId":"a0326aZNbREfq5TEucDni57"},"_contentSize":{"__type__":"cc.Size","width":22.25,"height":40},"_position":{"__type__":"cc.Vec3","x":-232,"y":93},"_scale":{"__type__":"cc.Vec3","x":1,"y":1,"z":1}},{"__type__":"cc.Node","_name":"icon","_parent":{"__id__":68},"_components":[{"__type__":"cc.Sprite","node":{"__id__":71},"_sizeMode":0}],"_prefab":{"__type__":"cc.PrefabInfo","root":{"__id__":1},"asset":{"__uuid__":"5fRnfqimlDT4NCwavPOvxk"},"fileId":"fdfcd5z5iVNzJVbG/ged7wi"},"_contentSize":{"__type__":"cc.Size","width":55,"height":55},"_position":{"__type__":"cc.Vec3","x":-143,"y":89},"_scale":{"__type__":"cc.Vec3","x":1,"y":1,"z":1}},{"__type__":"cc.Node","_name":"username","_parent":{"__id__":68},"_components":[{"__type__":"cc.Label","node":{"__id__":72},"_useOriginalSize":false,"_string":"张三张三","_N$string":"张三张三","_fontSize":32,"_N$overflow":1}],"_prefab":{"__type__":"cc.PrefabInfo","root":{"__id__":1},"asset":{"__uuid__":"5fRnfqimlDT4NCwavPOvxk"},"fileId":"d4d2fAwBsJLH58Tbrw1Uo57"},"_contentSize":{"__type__":"cc.Size","width":130,"height":40},"_anchorPoint":{"__type__":"cc.Vec2","y":0.5},"_position":{"__type__":"cc.Vec3","x":-97,"y":91},"_scale":{"__type__":"cc.Vec3","x":1,"y":1,"z":1}},{"__type__":"cc.Node","_name":"id","_parent":{"__id__":68},"_active":false,"_components":[{"__type__":"cc.Label","node":{"__id__":73},"_useOriginalSize":false,"_string":"123456","_N$string":"123456","_fontSize":32,"_N$horizontalAlign":1,"_N$verticalAlign":1}],"_prefab":{"__type__":"cc.PrefabInfo","root":{"__id__":1},"asset":{"__uuid__":"5fRnfqimlDT4NCwavPOvxk"},"fileId":"75fe1WvGEJGSrFF0Zbk8X/o"},"_contentSize":{"__type__":"cc.Size","width":106.78,"height":40},"_position":{"__type__":"cc.Vec3","x":107,"y":93},"_scale":{"__type__":"cc.Vec3","x":1,"y":1,"z":1}},{"__type__":"cc.Node","_name":"score","_parent":{"__id__":68},"_components":[{"__type__":"cc.Label","node":{"__id__":74},"_useOriginalSize":false,"_string":"10","_N$string":"10","_fontSize":32,"_N$horizontalAlign":1,"_N$verticalAlign":1}],"_prefab":{"__type__":"cc.PrefabInfo","root":{"__id__":1},"asset":{"__uuid__":"5fRnfqimlDT4NCwavPOvxk"},"fileId":"5d56aD/RJBMHaxOneEJSjRx"},"_contentSize":{"__type__":"cc.Size","width":35.59,"height":40},"_position":{"__type__":"cc.Vec3","x":100,"y":93},"_scale":{"__type__":"cc.Vec3","x":1,"y":1,"z":1}},{"__type__":"cc.Node","_name":"fangzhu","_parent":{"__id__":68},"_components":[{"__type__":"cc.Sprite","node":{"__id__":75},"_spriteFrame":{"__uuid__":"96hS54SGBNnp5gP+9vczne"},"_sizeMode":0}],"_prefab":{"__type__":"cc.PrefabInfo","root":{"__id__":1},"asset":{"__uuid__":"5fRnfqimlDT4NCwavPOvxk"},"fileId":"b90d2TA5v1I4JOOVV86MXiH"},"_contentSize":{"__type__":"cc.Size","width":32,"height":60},"_position":{"__type__":"cc.Vec3","x":201,"y":91},"_scale":{"__type__":"cc.Vec3","x":1,"y":1,"z":1}},{"__type__":"cc.Node","_name":"user8","_parent":{"__id__":19},"_children":[{"__id__":77},{"__id__":78},{"__id__":79},{"__id__":80},{"__id__":81},{"__id__":82},{"__id__":83}],"_active":false,"_prefab":{"__type__":"cc.PrefabInfo","root":{"__id__":1},"asset":{"__uuid__":"5fRnfqimlDT4NCwavPOvxk"},"fileId":"b3f8fXzksVEupMsgi+LO24Y"},"_position":{"__type__":"cc.Vec3","y":-411},"_scale":{"__type__":"cc.Vec3","x":1,"y":1,"z":1}},{"__type__":"cc.Node","_name":"bg","_parent":{"__id__":76},"_components":[{"__type__":"cc.Sprite","node":{"__id__":77},"_spriteFrame":{"__uuid__":"70RMFVdnRNmqcm+Ze+ygYJ"},"_sizeMode":0}],"_prefab":{"__type__":"cc.PrefabInfo","root":{"__id__":1},"asset":{"__uuid__":"5fRnfqimlDT4NCwavPOvxk"},"fileId":"33f55L+fYFCuaiRm6HXFK6K"},"_contentSize":{"__type__":"cc.Size","width":540,"height":60},"_position":{"__type__":"cc.Vec3","y":91},"_scale":{"__type__":"cc.Vec3","x":1,"y":1,"z":1}},{"__type__":"cc.Node","_name":"sort","_parent":{"__id__":76},"_components":[{"__type__":"cc.Label","node":{"__id__":78},"_useOriginalSize":false,"_string":"8","_N$string":"8","_N$horizontalAlign":1,"_N$verticalAlign":1}],"_prefab":{"__type__":"cc.PrefabInfo","root":{"__id__":1},"asset":{"__uuid__":"5fRnfqimlDT4NCwavPOvxk"},"fileId":"24f34nhsUJGPIE2SoHxWUEB"},"_contentSize":{"__type__":"cc.Size","width":22.25,"height":40},"_position":{"__type__":"cc.Vec3","x":-232,"y":93},"_scale":{"__type__":"cc.Vec3","x":1,"y":1,"z":1}},{"__type__":"cc.Node","_name":"icon","_parent":{"__id__":76},"_components":[{"__type__":"cc.Sprite","node":{"__id__":79},"_sizeMode":0}],"_prefab":{"__type__":"cc.PrefabInfo","root":{"__id__":1},"asset":{"__uuid__":"5fRnfqimlDT4NCwavPOvxk"},"fileId":"a5e81ZhSAhGRaMwg8mB1Wud"},"_contentSize":{"__type__":"cc.Size","width":55,"height":55},"_position":{"__type__":"cc.Vec3","x":-143,"y":89},"_scale":{"__type__":"cc.Vec3","x":1,"y":1,"z":1}},{"__type__":"cc.Node","_name":"username","_parent":{"__id__":76},"_components":[{"__type__":"cc.Label","node":{"__id__":80},"_useOriginalSize":false,"_string":"张三张三","_N$string":"张三张三","_fontSize":32,"_N$overflow":1}],"_prefab":{"__type__":"cc.PrefabInfo","root":{"__id__":1},"asset":{"__uuid__":"5fRnfqimlDT4NCwavPOvxk"},"fileId":"8f91dych4pNWpbY0RMvCWfw"},"_contentSize":{"__type__":"cc.Size","width":130,"height":40},"_anchorPoint":{"__type__":"cc.Vec2","y":0.5},"_position":{"__type__":"cc.Vec3","x":-97,"y":91},"_scale":{"__type__":"cc.Vec3","x":1,"y":1,"z":1}},{"__type__":"cc.Node","_name":"id","_parent":{"__id__":76},"_active":false,"_components":[{"__type__":"cc.Label","node":{"__id__":81},"_useOriginalSize":false,"_string":"123456","_N$string":"123456","_fontSize":32,"_N$horizontalAlign":1,"_N$verticalAlign":1}],"_prefab":{"__type__":"cc.PrefabInfo","root":{"__id__":1},"asset":{"__uuid__":"5fRnfqimlDT4NCwavPOvxk"},"fileId":"0ba96i6325PSIIEmxlY5J5P"},"_contentSize":{"__type__":"cc.Size","width":106.78,"height":40},"_position":{"__type__":"cc.Vec3","x":107,"y":93},"_scale":{"__type__":"cc.Vec3","x":1,"y":1,"z":1}},{"__type__":"cc.Node","_name":"score","_parent":{"__id__":76},"_components":[{"__type__":"cc.Label","node":{"__id__":82},"_useOriginalSize":false,"_string":"10","_N$string":"10","_fontSize":32,"_N$horizontalAlign":1,"_N$verticalAlign":1}],"_prefab":{"__type__":"cc.PrefabInfo","root":{"__id__":1},"asset":{"__uuid__":"5fRnfqimlDT4NCwavPOvxk"},"fileId":"2fd75OBiv5NRZf18YOxIZsl"},"_contentSize":{"__type__":"cc.Size","width":35.59,"height":40},"_position":{"__type__":"cc.Vec3","x":100,"y":93},"_scale":{"__type__":"cc.Vec3","x":1,"y":1,"z":1}},{"__type__":"cc.Node","_name":"fangzhu","_parent":{"__id__":76},"_components":[{"__type__":"cc.Sprite","node":{"__id__":83},"_spriteFrame":{"__uuid__":"96hS54SGBNnp5gP+9vczne"},"_sizeMode":0}],"_prefab":{"__type__":"cc.PrefabInfo","root":{"__id__":1},"asset":{"__uuid__":"5fRnfqimlDT4NCwavPOvxk"},"fileId":"5eca2liSj5JaIbCloSXu90q"},"_contentSize":{"__type__":"cc.Size","width":32,"height":60},"_position":{"__type__":"cc.Vec3","x":201,"y":91},"_scale":{"__type__":"cc.Vec3","x":1,"y":1,"z":1}},{"__type__":"cc.Node","_name":"user9","_parent":{"__id__":19},"_children":[{"__id__":85},{"__id__":86},{"__id__":87},{"__id__":88},{"__id__":89},{"__id__":90},{"__id__":91}],"_active":false,"_prefab":{"__type__":"cc.PrefabInfo","root":{"__id__":1},"asset":{"__uuid__":"5fRnfqimlDT4NCwavPOvxk"},"fileId":"83062m/rodIKo/RlxuYDRI8"},"_position":{"__type__":"cc.Vec3","y":-475},"_scale":{"__type__":"cc.Vec3","x":1,"y":1,"z":1}},{"__type__":"cc.Node","_name":"bg","_parent":{"__id__":84},"_components":[{"__type__":"cc.Sprite","node":{"__id__":85},"_spriteFrame":{"__uuid__":"70RMFVdnRNmqcm+Ze+ygYJ"},"_sizeMode":0}],"_prefab":{"__type__":"cc.PrefabInfo","root":{"__id__":1},"asset":{"__uuid__":"5fRnfqimlDT4NCwavPOvxk"},"fileId":"d392f/n7IJA47yycGg/UWkX"},"_contentSize":{"__type__":"cc.Size","width":540,"height":60},"_position":{"__type__":"cc.Vec3","y":91},"_scale":{"__type__":"cc.Vec3","x":1,"y":1,"z":1}},{"__type__":"cc.Node","_name":"sort","_parent":{"__id__":84},"_components":[{"__type__":"cc.Label","node":{"__id__":86},"_useOriginalSize":false,"_string":"9","_N$string":"9","_N$horizontalAlign":1,"_N$verticalAlign":1}],"_prefab":{"__type__":"cc.PrefabInfo","root":{"__id__":1},"asset":{"__uuid__":"5fRnfqimlDT4NCwavPOvxk"},"fileId":"4f76aYXSQFJBKypyGntgZN2"},"_contentSize":{"__type__":"cc.Size","width":22.25,"height":40},"_position":{"__type__":"cc.Vec3","x":-232,"y":93},"_scale":{"__type__":"cc.Vec3","x":1,"y":1,"z":1}},{"__type__":"cc.Node","_name":"icon","_parent":{"__id__":84},"_components":[{"__type__":"cc.Sprite","node":{"__id__":87},"_sizeMode":0}],"_prefab":{"__type__":"cc.PrefabInfo","root":{"__id__":1},"asset":{"__uuid__":"5fRnfqimlDT4NCwavPOvxk"},"fileId":"51ccf8A045MhJ1EsId4AVmV"},"_contentSize":{"__type__":"cc.Size","width":55,"height":55},"_position":{"__type__":"cc.Vec3","x":-143,"y":89},"_scale":{"__type__":"cc.Vec3","x":1,"y":1,"z":1}},{"__type__":"cc.Node","_name":"username","_parent":{"__id__":84},"_components":[{"__type__":"cc.Label","node":{"__id__":88},"_useOriginalSize":false,"_string":"张三张三","_N$string":"张三张三","_fontSize":32,"_N$overflow":1}],"_prefab":{"__type__":"cc.PrefabInfo","root":{"__id__":1},"asset":{"__uuid__":"5fRnfqimlDT4NCwavPOvxk"},"fileId":"5137b9Ca1lDma3OhUTgJBaD"},"_contentSize":{"__type__":"cc.Size","width":130,"height":40},"_anchorPoint":{"__type__":"cc.Vec2","y":0.5},"_position":{"__type__":"cc.Vec3","x":-97,"y":91},"_scale":{"__type__":"cc.Vec3","x":1,"y":1,"z":1}},{"__type__":"cc.Node","_name":"id","_parent":{"__id__":84},"_active":false,"_components":[{"__type__":"cc.Label","node":{"__id__":89},"_useOriginalSize":false,"_string":"123456","_N$string":"123456","_fontSize":32,"_N$horizontalAlign":1,"_N$verticalAlign":1}],"_prefab":{"__type__":"cc.PrefabInfo","root":{"__id__":1},"asset":{"__uuid__":"5fRnfqimlDT4NCwavPOvxk"},"fileId":"4eb1fnzEflIVZ2xTmqG3SEq"},"_contentSize":{"__type__":"cc.Size","width":106.78,"height":40},"_position":{"__type__":"cc.Vec3","x":107,"y":93},"_scale":{"__type__":"cc.Vec3","x":1,"y":1,"z":1}},{"__type__":"cc.Node","_name":"score","_parent":{"__id__":84},"_components":[{"__type__":"cc.Label","node":{"__id__":90},"_useOriginalSize":false,"_string":"10","_N$string":"10","_fontSize":32,"_N$horizontalAlign":1,"_N$verticalAlign":1}],"_prefab":{"__type__":"cc.PrefabInfo","root":{"__id__":1},"asset":{"__uuid__":"5fRnfqimlDT4NCwavPOvxk"},"fileId":"50cfej+UbhE6r7rKzinT2wU"},"_contentSize":{"__type__":"cc.Size","width":35.59,"height":40},"_position":{"__type__":"cc.Vec3","x":100,"y":93},"_scale":{"__type__":"cc.Vec3","x":1,"y":1,"z":1}},{"__type__":"cc.Node","_name":"fangzhu","_parent":{"__id__":84},"_components":[{"__type__":"cc.Sprite","node":{"__id__":91},"_spriteFrame":{"__uuid__":"96hS54SGBNnp5gP+9vczne"},"_sizeMode":0}],"_prefab":{"__type__":"cc.PrefabInfo","root":{"__id__":1},"asset":{"__uuid__":"5fRnfqimlDT4NCwavPOvxk"},"fileId":"e7ee9x1FoNP8YcCfo0GDebp"},"_contentSize":{"__type__":"cc.Size","width":32,"height":60},"_position":{"__type__":"cc.Vec3","x":201,"y":91},"_scale":{"__type__":"cc.Vec3","x":1,"y":1,"z":1}},{"__type__":"cc.Node","_name":"user10","_parent":{"__id__":19},"_children":[{"__id__":93},{"__id__":94},{"__id__":95},{"__id__":96},{"__id__":97},{"__id__":98},{"__id__":99}],"_active":false,"_prefab":{"__type__":"cc.PrefabInfo","root":{"__id__":1},"asset":{"__uuid__":"5fRnfqimlDT4NCwavPOvxk"},"fileId":"36e33RZD5BNdqEr96bImNks"},"_position":{"__type__":"cc.Vec3","y":-537},"_scale":{"__type__":"cc.Vec3","x":1,"y":1,"z":1}},{"__type__":"cc.Node","_name":"bg","_parent":{"__id__":92},"_components":[{"__type__":"cc.Sprite","node":{"__id__":93},"_spriteFrame":{"__uuid__":"70RMFVdnRNmqcm+Ze+ygYJ"},"_sizeMode":0}],"_prefab":{"__type__":"cc.PrefabInfo","root":{"__id__":1},"asset":{"__uuid__":"5fRnfqimlDT4NCwavPOvxk"},"fileId":"2732fmZF51KVpjrX0mz1X+V"},"_contentSize":{"__type__":"cc.Size","width":540,"height":60},"_position":{"__type__":"cc.Vec3","y":91},"_scale":{"__type__":"cc.Vec3","x":1,"y":1,"z":1}},{"__type__":"cc.Node","_name":"sort","_parent":{"__id__":92},"_components":[{"__type__":"cc.Label","node":{"__id__":94},"_useOriginalSize":false,"_string":"10","_N$string":"10","_N$horizontalAlign":1,"_N$verticalAlign":1}],"_prefab":{"__type__":"cc.PrefabInfo","root":{"__id__":1},"asset":{"__uuid__":"5fRnfqimlDT4NCwavPOvxk"},"fileId":"cdebcipmKBK0YtU9XWWw0Bt"},"_contentSize":{"__type__":"cc.Size","width":44.49,"height":40},"_position":{"__type__":"cc.Vec3","x":-232,"y":93},"_scale":{"__type__":"cc.Vec3","x":1,"y":1,"z":1}},{"__type__":"cc.Node","_name":"icon","_parent":{"__id__":92},"_components":[{"__type__":"cc.Sprite","node":{"__id__":95},"_sizeMode":0}],"_prefab":{"__type__":"cc.PrefabInfo","root":{"__id__":1},"asset":{"__uuid__":"5fRnfqimlDT4NCwavPOvxk"},"fileId":"af620433NJBtLW4yKCUyNcj"},"_contentSize":{"__type__":"cc.Size","width":55,"height":55},"_position":{"__type__":"cc.Vec3","x":-143,"y":89},"_scale":{"__type__":"cc.Vec3","x":1,"y":1,"z":1}},{"__type__":"cc.Node","_name":"username","_parent":{"__id__":92},"_components":[{"__type__":"cc.Label","node":{"__id__":96},"_useOriginalSize":false,"_string":"张三张三","_N$string":"张三张三","_fontSize":32,"_N$overflow":1}],"_prefab":{"__type__":"cc.PrefabInfo","root":{"__id__":1},"asset":{"__uuid__":"5fRnfqimlDT4NCwavPOvxk"},"fileId":"61c68lB2/BF5JWxlIg40JrY"},"_contentSize":{"__type__":"cc.Size","width":130,"height":40},"_anchorPoint":{"__type__":"cc.Vec2","y":0.5},"_position":{"__type__":"cc.Vec3","x":-97,"y":91},"_scale":{"__type__":"cc.Vec3","x":1,"y":1,"z":1}},{"__type__":"cc.Node","_name":"id","_parent":{"__id__":92},"_active":false,"_components":[{"__type__":"cc.Label","node":{"__id__":97},"_useOriginalSize":false,"_string":"123456","_N$string":"123456","_fontSize":32,"_N$horizontalAlign":1,"_N$verticalAlign":1}],"_prefab":{"__type__":"cc.PrefabInfo","root":{"__id__":1},"asset":{"__uuid__":"5fRnfqimlDT4NCwavPOvxk"},"fileId":"78dd6xut4VO96i+m8c+sARJ"},"_contentSize":{"__type__":"cc.Size","width":106.78,"height":40},"_position":{"__type__":"cc.Vec3","x":107,"y":93},"_scale":{"__type__":"cc.Vec3","x":1,"y":1,"z":1}},{"__type__":"cc.Node","_name":"score","_parent":{"__id__":92},"_components":[{"__type__":"cc.Label","node":{"__id__":98},"_useOriginalSize":false,"_string":"10","_N$string":"10","_fontSize":32,"_N$horizontalAlign":1,"_N$verticalAlign":1}],"_prefab":{"__type__":"cc.PrefabInfo","root":{"__id__":1},"asset":{"__uuid__":"5fRnfqimlDT4NCwavPOvxk"},"fileId":"d2c825S10JE37ur7TxSwngv"},"_contentSize":{"__type__":"cc.Size","width":35.59,"height":40},"_position":{"__type__":"cc.Vec3","x":100,"y":93},"_scale":{"__type__":"cc.Vec3","x":1,"y":1,"z":1}},{"__type__":"cc.Node","_name":"fangzhu","_parent":{"__id__":92},"_components":[{"__type__":"cc.Sprite","node":{"__id__":99},"_spriteFrame":{"__uuid__":"96hS54SGBNnp5gP+9vczne"},"_sizeMode":0}],"_prefab":{"__type__":"cc.PrefabInfo","root":{"__id__":1},"asset":{"__uuid__":"5fRnfqimlDT4NCwavPOvxk"},"fileId":"9cb1fO6IbhBcLavqCLj+sAq"},"_contentSize":{"__type__":"cc.Size","width":32,"height":60},"_position":{"__type__":"cc.Vec3","x":201,"y":91},"_scale":{"__type__":"cc.Vec3","x":1,"y":1,"z":1}},{"__type__":"cc.Node","_name":"share","_parent":{"__id__":3},"_children":[{"__id__":101},{"__id__":102}],"_components":[{"__type__":"cc.Sprite","node":{"__id__":100},"_spriteFrame":{"__uuid__":"9bRjrPojpK9IShE0kdVghZ"},"_type":1,"_sizeMode":0},{"__id__":103}],"_prefab":{"__type__":"cc.PrefabInfo","root":{"__id__":1},"asset":{"__uuid__":"5fRnfqimlDT4NCwavPOvxk"},"fileId":"f359eDO2ABHA68/6aeZUi0g"},"_contentSize":{"__type__":"cc.Size","width":539,"height":100},"_position":{"__type__":"cc.Vec3","x":-0.8,"y":-406},"_scale":{"__type__":"cc.Vec3","x":1,"y":1,"z":1}},{"__type__":"cc.Node","_name":"Label","_parent":{"__id__":100},"_components":[{"__type__":"cc.Label","node":{"__id__":101},"_srcBlendFactor":1,"_useOriginalSize":false,"_string":"长按分享图片","_N$string":"长按分享图片","_fontSize":30,"_enableWrapText":false,"_N$horizontalAlign":1,"_N$verticalAlign":1,"_N$overflow":1}],"_prefab":{"__type__":"cc.PrefabInfo","root":{"__id__":1},"asset":{"__uuid__":"5fRnfqimlDT4NCwavPOvxk"},"fileId":"949ffTqSFFOUJthNl4vpBPf"},"_contentSize":{"__type__":"cc.Size","width":200,"height":40},"_scale":{"__type__":"cc.Vec3","x":1,"y":1,"z":1}},{"__type__":"cc.Node","_name":"New Sprite","_parent":{"__id__":100},"_components":[{"__type__":"cc.Sprite","node":{"__id__":102}}],"_prefab":{"__type__":"cc.PrefabInfo","root":{"__id__":1},"asset":{"__uuid__":"5fRnfqimlDT4NCwavPOvxk"},"fileId":"c29a5wfYDdGhJd6QRgRJOHR"},"_contentSize":{"__type__":"cc.Size","width":204,"height":50},"_scale":{"__type__":"cc.Vec3","x":1,"y":1,"z":1}},{"__type__":"cc.Button","node":{"__id__":100},"transition":2,"pressedColor":{"__type__":"cc.Color","r":255,"g":255,"b":255},"_N$normalColor":{"__type__":"cc.Color","r":255,"g":255,"b":255},"_N$disabledColor":{"__type__":"cc.Color","r":255,"g":255,"b":255},"_N$normalSprite":{"__uuid__":"9bRjrPojpK9IShE0kdVghZ"},"_N$disabledSprite":{"__uuid__":"9bRjrPojpK9IShE0kdVghZ"},"_N$target":{"__id__":100}},{"__type__":"cc.Node","_name":"close","_parent":{"__id__":3},"_components":[{"__type__":"cc.Sprite","node":{"__id__":104},"_spriteFrame":{"__uuid__":"ecTKajMhRDU53Y9qvM9WZx"},"_type":1,"_sizeMode":0},{"__id__":105}],"_prefab":{"__type__":"cc.PrefabInfo","root":{"__id__":1},"asset":{"__uuid__":"5fRnfqimlDT4NCwavPOvxk"},"fileId":"130c1hEavVIx4/qytRvvaIW"},"_contentSize":{"__type__":"cc.Size","width":70,"height":70},"_position":{"__type__":"cc.Vec3","x":299.9,"y":492.3},"_scale":{"__type__":"cc.Vec3","x":1,"y":1,"z":1}},{"__type__":"cc.Button","node":{"__id__":104},"transition":2,"pressedColor":{"__type__":"cc.Color","r":255,"g":255,"b":255},"_N$normalColor":{"__type__":"cc.Color","r":255,"g":255,"b":255},"_N$disabledColor":{"__type__":"cc.Color","r":255,"g":255,"b":255},"_N$normalSprite":{"__uuid__":"ecTKajMhRDU53Y9qvM9WZx"},"_N$disabledSprite":{"__uuid__":"ecTKajMhRDU53Y9qvM9WZx"},"_N$target":{"__id__":104}}],{"__type__":"cc.SpriteFrame","content":{"name":"img_jiugongge","texture":"eeumtg9UZFC5p++MwtR5oG","rect":[0,0,52,48],"offset":[0,0],"originalSize":[52,48]}},{"__type__":"cc.SpriteFrame","content":{"name":"dialog_bg","texture":"96NRSD+RJJypYVBeL4GdAV","rect":[0,0,360,652],"offset":[0,0],"originalSize":[360,652]}},{"__type__":"cc.SpriteFrame","content":{"name":"dayingjia","texture":"ffQqMaX81F6a7aiO+W5Laj","rect":[0,0,64,130],"offset":[0,0],"originalSize":[64,130]}},{"__type__":"cc.SpriteFrame","content":{"name":"share","texture":"59uYi56jNA7bnnORmLEiqq","rect":[0,0,235,80],"offset":[0,0],"originalSize":[235,80],"capInsets":[36,34,31,33]}},{"__type__":"cc.SpriteFrame","content":{"name":"default_panel","texture":"d8HsitJHxOYqo801xBk8ev","rect":[0,0,20,20],"offset":[0,0],"originalSize":[20,20],"capInsets":[6,6,6,6]}},{"__type__":"cc.SpriteFrame","content":{"name":"btn_close","texture":"d3/5XAiilORoAUxmBq5han","rect":[0,0,82,82],"offset":[0,0],"originalSize":[82,82]}}]