[[{"__type__":"cc.Prefab","_name":"SettingUI2","data":{"__id__":1}},{"__type__":"cc.Node","_name":"SettingUI2","_children":[{"__id__":2},{"__id__":3},{"__id__":4},{"__id__":5},{"__id__":7},{"__id__":9}],"_level":1,"_components":[{"__type__":"b6e45Bv3H9FAJrJv6ilRwKz","node":{"__id__":1},"soundSprite":{"__id__":6},"effectSprite":{"__id__":8}}],"_prefab":{"__type__":"cc.PrefabInfo","root":{"__id__":1},"asset":{"__uuid__":"12vaZNkc1Mj76MyfB32mu2"},"fileId":"904d0iH2pNJW6bdHCCsZfxT"},"_scale":{"__type__":"cc.Vec3","x":1,"y":1,"z":1}},{"__type__":"cc.Node","_name":"New Layout","_parent":{"__id__":1},"_components":[{"__type__":"cc.Sprite","node":{"__id__":2},"_spriteFrame":{"__uuid__":"9bvaMerUlDyary99mJa6xp"},"_type":1,"_sizeMode":0},{"__type__":"cc.Layout","node":{"__id__":2},"_layoutSize":{"__type__":"cc.Size","width":750,"height":1334}},{"__type__":"cc.Button","node":{"__id__":2},"_N$target":{"__id__":2}}],"_prefab":{"__type__":"cc.PrefabInfo","root":{"__id__":1},"asset":{"__uuid__":"12vaZNkc1Mj76MyfB32mu2"},"fileId":"bbefeTVECRDl7BPqIzIL6H2"},"_opacity":100,"_color":{"__type__":"cc.Color"},"_contentSize":{"__type__":"cc.Size","width":750,"height":1334},"_scale":{"__type__":"cc.Vec3","x":1.3,"y":1.3,"z":1}},{"__type__":"cc.Node","_name":"bg_setup","_parent":{"__id__":1},"_components":[{"__type__":"cc.Sprite","node":{"__id__":3},"_spriteFrame":{"__uuid__":"6cFXgT93pCQLUft63abXfb"},"_sizeMode":0}],"_prefab":{"__type__":"cc.PrefabInfo","root":{"__id__":1},"asset":{"__uuid__":"12vaZNkc1Mj76MyfB32mu2"},"fileId":"359f6m0hMlI4azu8G1urD72"},"_contentSize":{"__type__":"cc.Size","width":465,"height":335},"_position":{"__type__":"cc.Vec3","y":73},"_scale":{"__type__":"cc.Vec3","x":1,"y":1,"z":1}},{"__type__":"cc.Node","_name":"closeBtn","_parent":{"__id__":1},"_components":[{"__type__":"cc.Sprite","node":{"__id__":4},"_spriteFrame":{"__uuid__":"49UZy73WJP3rki4DAzFHUg"},"_type":1,"_sizeMode":0},{"__type__":"cc.Button","node":{"__id__":4},"transition":1,"pressedColor":{"__type__":"cc.Color","r":163,"g":158,"b":158},"clickEvents":[{"__type__":"cc.ClickEvent","target":{"__id__":1},"component":"SettingUI","handler":"OnCloseClick"}],"_N$normalColor":{"__type__":"cc.Color","r":255,"g":255,"b":255},"_N$disabledColor":{"__type__":"cc.Color","r":255,"g":255,"b":255},"_N$pressedSprite":{"__uuid__":"e97GVMl6JHh5Ml5qEDdSGa"},"pressedSprite":{"__uuid__":"e97GVMl6JHh5Ml5qEDdSGa"},"_N$hoverSprite":{"__uuid__":"e97GVMl6JHh5Ml5qEDdSGa"},"hoverSprite":{"__uuid__":"e97GVMl6JHh5Ml5qEDdSGa"},"_N$disabledSprite":{"__uuid__":"29FYIk+N1GYaeWH/q1NxQO"},"_N$target":{"__id__":4}}],"_prefab":{"__type__":"cc.PrefabInfo","root":{"__id__":1},"asset":{"__uuid__":"12vaZNkc1Mj76MyfB32mu2"},"fileId":"ffbe52WZndD65Xsc51TNPQn"},"_contentSize":{"__type__":"cc.Size","width":60,"height":60},"_position":{"__type__":"cc.Vec3","x":229,"y":229},"_scale":{"__type__":"cc.Vec3","x":1,"y":1,"z":1}},{"__type__":"cc.Node","_name":"soundBtn","_parent":{"__id__":1},"_components":[{"__id__":6},{"__type__":"cc.Button","node":{"__id__":5},"transition":1,"pressedColor":{"__type__":"cc.Color","r":136,"g":136,"b":136},"clickEvents":[{"__type__":"cc.ClickEvent","target":{"__id__":1},"component":"SettingUI","handler":"OnSoundClick"}],"_N$normalColor":{"__type__":"cc.Color","r":255,"g":255,"b":255},"_N$disabledColor":{"__type__":"cc.Color","r":255,"g":255,"b":255},"_N$pressedSprite":{"__uuid__":"e97GVMl6JHh5Ml5qEDdSGa"},"pressedSprite":{"__uuid__":"e97GVMl6JHh5Ml5qEDdSGa"},"_N$hoverSprite":{"__uuid__":"e97GVMl6JHh5Ml5qEDdSGa"},"hoverSprite":{"__uuid__":"e97GVMl6JHh5Ml5qEDdSGa"},"_N$disabledSprite":{"__uuid__":"29FYIk+N1GYaeWH/q1NxQO"},"_N$target":{"__id__":5}}],"_prefab":{"__type__":"cc.PrefabInfo","root":{"__id__":1},"asset":{"__uuid__":"12vaZNkc1Mj76MyfB32mu2"},"fileId":"d6413EEYLxJEpxWz1zQY7ZU"},"_contentSize":{"__type__":"cc.Size","width":40,"height":40},"_position":{"__type__":"cc.Vec3","x":-0.6,"y":154},"_scale":{"__type__":"cc.Vec3","x":1,"y":1,"z":1}},{"__type__":"cc.Sprite","node":{"__id__":5},"_spriteFrame":{"__uuid__":"a9LYZZ7PRG1pAZt8o3M8OA"},"_type":1,"_sizeMode":0},{"__type__":"cc.Node","_name":"effectBtn","_parent":{"__id__":1},"_components":[{"__id__":8},{"__type__":"cc.Button","node":{"__id__":7},"transition":1,"pressedColor":{"__type__":"cc.Color","r":143,"g":143,"b":143},"clickEvents":[{"__type__":"cc.ClickEvent","target":{"__id__":1},"component":"SettingUI","handler":"OnEffectClick"}],"_N$normalColor":{"__type__":"cc.Color","r":255,"g":255,"b":255},"_N$disabledColor":{"__type__":"cc.Color","r":255,"g":255,"b":255},"_N$normalSprite":{"__uuid__":"faeJOfr2RL3IPHIVDvPr4O"},"_N$pressedSprite":{"__uuid__":"e97GVMl6JHh5Ml5qEDdSGa"},"pressedSprite":{"__uuid__":"e97GVMl6JHh5Ml5qEDdSGa"},"_N$hoverSprite":{"__uuid__":"e97GVMl6JHh5Ml5qEDdSGa"},"hoverSprite":{"__uuid__":"e97GVMl6JHh5Ml5qEDdSGa"},"_N$disabledSprite":{"__uuid__":"29FYIk+N1GYaeWH/q1NxQO"},"_N$target":{"__id__":7}}],"_prefab":{"__type__":"cc.PrefabInfo","root":{"__id__":1},"asset":{"__uuid__":"12vaZNkc1Mj76MyfB32mu2"},"fileId":"10f14BQwkJCuIWRe1KCux17"},"_contentSize":{"__type__":"cc.Size","width":40,"height":40},"_position":{"__type__":"cc.Vec3","x":-0.6,"y":77.3},"_scale":{"__type__":"cc.Vec3","x":1,"y":1,"z":1}},{"__type__":"cc.Sprite","node":{"__id__":7},"_spriteFrame":{"__uuid__":"faeJOfr2RL3IPHIVDvPr4O"},"_type":1,"_sizeMode":0},{"__type__":"cc.Node","_name":"closeBtn2","_parent":{"__id__":1},"_components":[{"__type__":"cc.Sprite","node":{"__id__":9},"_spriteFrame":{"__uuid__":"f7hvCyAFpLgYDTkg0z0pt/"},"_type":1,"_sizeMode":0},{"__type__":"cc.Button","node":{"__id__":9},"transition":1,"pressedColor":{"__type__":"cc.Color","r":163,"g":158,"b":158},"clickEvents":[{"__type__":"cc.ClickEvent","target":{"__id__":1},"component":"SettingUI","handler":"OnCloseClick"}],"_N$normalColor":{"__type__":"cc.Color","r":255,"g":255,"b":255},"_N$disabledColor":{"__type__":"cc.Color","r":255,"g":255,"b":255},"_N$pressedSprite":{"__uuid__":"e97GVMl6JHh5Ml5qEDdSGa"},"pressedSprite":{"__uuid__":"e97GVMl6JHh5Ml5qEDdSGa"},"_N$hoverSprite":{"__uuid__":"e97GVMl6JHh5Ml5qEDdSGa"},"hoverSprite":{"__uuid__":"e97GVMl6JHh5Ml5qEDdSGa"},"_N$disabledSprite":{"__uuid__":"29FYIk+N1GYaeWH/q1NxQO"},"_N$target":{"__id__":9}}],"_prefab":{"__type__":"cc.PrefabInfo","root":{"__id__":1},"asset":{"__uuid__":"12vaZNkc1Mj76MyfB32mu2"},"fileId":"beydPcU4lDmb1fW3AhC/LD"},"_contentSize":{"__type__":"cc.Size","width":220,"height":75},"_position":{"__type__":"cc.Vec3","x":9,"y":-36},"_scale":{"__type__":"cc.Vec3","x":1,"y":1,"z":1}}],{"__type__":"cc.SpriteFrame","content":{"name":"default_btn_disabled","texture":"71VhFCTINJM6/Ky3oX9nBT","rect":[0,0,40,40],"offset":[0,0],"originalSize":[40,40],"capInsets":[12,12,12,12]}},{"__type__":"cc.SpriteFrame","content":{"name":"cancel2","texture":"cfS5e1CHdKBIaLnRMRyCBS","rect":[1,1,59,59],"offset":[0.5,-0.5],"originalSize":[60,60]}},{"__type__":"cc.SpriteFrame","content":{"name":"bgm","texture":"5c3fCbdrRESrLTQrxOk0Or","rect":[3,4,459,328],"offset":[0,-0.5],"originalSize":[465,335]}},{"__type__":"cc.SpriteFrame","content":{"name":"default_panel","texture":"d8HsitJHxOYqo801xBk8ev","rect":[0,0,20,20],"offset":[0,0],"originalSize":[20,20],"capInsets":[6,6,6,6]}},{"__type__":"cc.SpriteFrame","content":{"name":"onsetclose","texture":"4bjDlQSvdIUL1pWrh8XwqP","rect":[0,10,30,30],"offset":[-5,-5],"originalSize":[40,40]}},{"__type__":"cc.SpriteFrame","content":{"name":"default_btn_pressed","texture":"b4P/PCArtIdIH38t6mlw8Y","rect":[0,0,40,40],"offset":[0,0],"originalSize":[40,40],"capInsets":[12,12,12,12]}},{"__type__":"cc.SpriteFrame","content":{"name":"btnconfirm","texture":"07odICzalKl6lrGBmqUcpU","rect":[3,4,215,68],"offset":[0.5,-0.5],"originalSize":[220,75]}},{"__type__":"cc.SpriteFrame","content":{"name":"onsetopen","texture":"fcVZ7sn+BGEolUBmKNYnrO","rect":[0,6,36,34],"offset":[-2,-3],"originalSize":[40,40]}}]