[{"__type__":"cc.SpriteFrame","content":{"name":"icon_loadBG","texture":"e3pzyxwQ5H6JjmI7CRhoDl","rect":[2,150,388,266],"offset":[-7,0],"originalSize":[402,290]}},{"__type__":"cc.SpriteFrame","content":{"name":"icon_player","texture":"e3pzyxwQ5H6JjmI7CRhoDl","rect":[450,34,57,28],"offset":[0,0],"originalSize":[107,52]}},{"__type__":"cc.SpriteFrame","content":{"name":"icon_bigDiamond","texture":"e3pzyxwQ5H6JjmI7CRhoDl","rect":[2,418,271,282],"offset":[-3,-4],"originalSize":[301,290],"rotated":1}},{"__type__":"cc.SpriteFrame","content":{"name":"icon_loadFlower","texture":"e3pzyxwQ5H6JjmI7CRhoDl","rect":[2,935,90,80],"offset":[0,0],"originalSize":[116,162]}},{"__type__":"cc.SpriteFrame","content":{"name":"icon_pengyouquan","texture":"e3pzyxwQ5H6JjmI7CRhoDl","rect":[286,418,151,150],"offset":[0,0],"originalSize":[151,152]}},{"__type__":"cc.SpriteAtlas","_name":"pub_part.plist","_spriteFrames":{"icon_battery":{"__uuid__":"4fU6csQfNCnIcY0JsEHLmt"},"icon_bglight":{"__uuid__":"d7CiK/+L5N1Zh0IttjnjE8"},"icon_bigDiamond":{"__uuid__":"13dx7u4xBG+JvJj6yptNcd"},"icon_bottom":{"__uuid__":"69m465X3JLHIIDVa6WVydm"},"icon_diamond":{"__uuid__":"aaF300M1RE0Ka3s/3hFUKn"},"icon_haoyou":{"__uuid__":"3c9IRT6yxKHoP0yEcO1qGU"},"icon_info":{"__uuid__":"9fTmNjdcpOeKuhpfCxkXe8"},"icon_loadAnnulus":{"__uuid__":"c4EVeGeB9Gf7M5ljJLMjho"},"icon_loadBG":{"__uuid__":"04onMhVFJPo7q/gW2hYI/e"},"icon_loadFlower":{"__uuid__":"2a6sff7gRO8pk+2sAbQtUv"},"icon_pengyouquan":{"__uuid__":"2cWX0W+VxLiqkrFWc6m3m8"},"icon_player":{"__uuid__":"056B/jVepOwamD3nLl6Orh"},"icon_power":{"__uuid__":"55BciLBq5GAIZq42fe6L3a"},"icon_roomId":{"__uuid__":"b0NOXe25dHPLAqOmgNZo/H"},"icon_time":{"__uuid__":"47HTKohgBJt46cqF8tPV+t"},"icon_voice":{"__uuid__":"b5+9EFd49Mi4B3XrgCHMf3"},"icon_zhanji":{"__uuid__":"58GwpgHJdFWLZmCJ1U8uzN"}}},{"__type__":"cc.SpriteFrame","content":{"name":"icon_haoyou","texture":"e3pzyxwQ5H6JjmI7CRhoDl","rect":[171,783,150,151],"offset":[0,0],"originalSize":[150,151]}},{"__type__":"cc.SpriteFrame","content":{"name":"icon_time","texture":"e3pzyxwQ5H6JjmI7CRhoDl","rect":[450,64,55,28],"offset":[0,-1],"originalSize":[107,54]}},{"__type__":"cc.SpriteFrame","content":{"name":"icon_battery","texture":"e3pzyxwQ5H6JjmI7CRhoDl","rect":[450,2,60,30],"offset":[0,0],"originalSize":[60,30]}},{"__type__":"cc.SpriteFrame","content":{"name":"icon_power","texture":"e3pzyxwQ5H6JjmI7CRhoDl","rect":[450,94,46,24],"offset":[0,0],"originalSize":[46,24]}},{"__type__":"cc.SpriteFrame","content":{"name":"icon_zhanji","texture":"e3pzyxwQ5H6JjmI7CRhoDl","rect":[2,2,446,146],"offset":[-5,-6],"originalSize":[456,158]}},{"__type__":"cc.SpriteFrame","content":{"name":"icon_bottom","texture":"e3pzyxwQ5H6JjmI7CRhoDl","rect":[450,120,331,42],"offset":[-2,1],"originalSize":[337,48],"rotated":1}},{"__type__":"cc.SpriteFrame","content":{"name":"icon_info","texture":"e3pzyxwQ5H6JjmI7CRhoDl","rect":[323,766,90,90],"offset":[0,0],"originalSize":[90,90]}},{"__type__":"cc.SpriteFrame","content":{"name":"icon_diamond","texture":"e3pzyxwQ5H6JjmI7CRhoDl","rect":[392,150,30,31],"offset":[0,0],"originalSize":[30,31],"rotated":1}},{"__type__":"cc.SpriteFrame","content":{"name":"icon_roomId","texture":"e3pzyxwQ5H6JjmI7CRhoDl","rect":[392,182,165,30],"offset":[0,-1],"originalSize":[215,50],"rotated":1}},{"__type__":"cc.SpriteFrame","content":{"name":"icon_voice","texture":"e3pzyxwQ5H6JjmI7CRhoDl","rect":[171,691,90,90],"offset":[0,0],"originalSize":[90,90]}},{"__type__":"cc.SpriteFrame","content":{"name":"icon_loadAnnulus","texture":"e3pzyxwQ5H6JjmI7CRhoDl","rect":[2,766,167,167],"offset":[0,0],"originalSize":[167,167]}},{"__type__":"cc.SpriteFrame","content":{"name":"icon_bglight","texture":"e3pzyxwQ5H6JjmI7CRhoDl","rect":[286,570,203,194],"offset":[0,0],"originalSize":[203,194]}}]