[{"__type__":"cc.SpriteFrame","content":{"name":"time","texture":"242hVD8LFJnJDyUo2xN62y","rect":[1,0,59,63],"offset":[0.5,0],"originalSize":[60,63]}},[{"__type__":"cc.Prefab","_name":"Time","data":{"__id__":1}},{"__type__":"cc.Node","_name":"Time","_children":[{"__id__":2},{"__id__":3}],"_components":[{"__type__":"cc.Sprite","node":{"__id__":1},"_sizeMode":0},{"__type__":"1e1a8aDeEhDXpCp2LDjN0b6","node":{"__id__":1}}],"_prefab":{"__type__":"cc.PrefabInfo","root":{"__id__":1},"asset":{"__uuid__":"eco2BoXXVIPLfI3NCjtNR1"},"fileId":"68bb5jkBghMQ5ULJOxoIROd"},"_contentSize":{"__type__":"cc.Size","width":80,"height":75},"_scaleX":0.7,"_scaleY":0.7,"_scale":{"__type__":"cc.Vec3","x":1,"y":1,"z":1}},{"__type__":"cc.Node","_name":"time","_parent":{"__id__":1},"_components":[{"__type__":"cc.Sprite","node":{"__id__":2},"_spriteFrame":{"__uuid__":"12Txpw7+tMBYqlNjyFhbqd"},"_sizeMode":0}],"_prefab":{"__type__":"cc.PrefabInfo","root":{"__id__":1},"asset":{"__uuid__":"eco2BoXXVIPLfI3NCjtNR1"},"fileId":"0ee10Jqcy1CCLAFzQpYwB5u"},"_contentSize":{"__type__":"cc.Size","width":62,"height":62},"_scaleX":1,"_scaleY":1,"_scale":{"__type__":"cc.Vec3","x":1,"y":1,"z":1}},{"__type__":"cc.Node","_name":"timelabel","_parent":{"__id__":1},"_components":[{"__type__":"cc.Label","node":{"__id__":3},"_useOriginalSize":false,"_string":"10","_N$string":"10","_fontSize":30,"_N$horizontalAlign":1,"_N$verticalAlign":1},{"__type__":"cc.LabelOutline","node":{"__id__":3},"_color":{"__type__":"cc.Color"},"_width":1.5}],"_prefab":{"__type__":"cc.PrefabInfo","root":{"__id__":1},"asset":{"__uuid__":"eco2BoXXVIPLfI3NCjtNR1"},"fileId":"1706e41AAZG35qyxbGrwQ+0"},"_contentSize":{"__type__":"cc.Size","width":36.37,"height":40},"_position":{"__type__":"cc.Vec3","x":-2.9,"y":-0.6},"_scaleX":1,"_scaleY":1,"_scale":{"__type__":"cc.Vec3","x":1,"y":1,"z":1}}]]