[[{"__type__":"cc.Prefab","_name":"Rule","data":{"__id__":1}},{"__type__":"cc.Node","_name":"Rule","_children":[{"__id__":2},{"__id__":3},{"__id__":4},{"__id__":5}],"_level":1,"_components":[{"__type__":"ca370iLC85FApr9J8W9GoPq","node":{"__id__":1}}],"_prefab":{"__type__":"cc.PrefabInfo","root":{"__id__":1},"asset":{"__uuid__":"51le2ChK5PvbU2rQE2TEY0"},"fileId":"cd5ng+oTlKUICrulIbOK01"},"_scale":{"__type__":"cc.Vec3","x":1,"y":1,"z":1}},{"__type__":"cc.Node","_name":"New Layout","_parent":{"__id__":1},"_level":2,"_components":[{"__type__":"cc.Sprite","node":{"__id__":2},"_spriteFrame":{"__uuid__":"9bvaMerUlDyary99mJa6xp"},"_type":1,"_sizeMode":0},{"__type__":"cc.Layout","node":{"__id__":2},"_layoutSize":{"__type__":"cc.Size","width":750,"height":1334}}],"_prefab":{"__type__":"cc.PrefabInfo","root":{"__id__":1},"asset":{"__uuid__":"51le2ChK5PvbU2rQE2TEY0"},"fileId":"11Ezd514JCaIoGuJ7AUa6r"},"_opacity":111,"_color":{"__type__":"cc.Color"},"_contentSize":{"__type__":"cc.Size","width":750,"height":1334},"_scale":{"__type__":"cc.Vec3","x":1,"y":1,"z":1}},{"__type__":"cc.Node","_name":"img_jiugongge","_parent":{"__id__":1},"_level":2,"_components":[{"__type__":"cc.Sprite","node":{"__id__":3},"_spriteFrame":{"__uuid__":"70RMFVdnRNmqcm+Ze+ygYJ"},"_sizeMode":0}],"_prefab":{"__type__":"cc.PrefabInfo","root":{"__id__":1},"asset":{"__uuid__":"51le2ChK5PvbU2rQE2TEY0"},"fileId":"18CslaPSVHB6Y296+//pEh"},"_contentSize":{"__type__":"cc.Size","width":750,"height":1334},"_scale":{"__type__":"cc.Vec3","x":1,"y":1,"z":1}},{"__type__":"cc.Node","_name":"btn_close","_parent":{"__id__":1},"_level":2,"_components":[{"__type__":"cc.Sprite","node":{"__id__":4},"_spriteFrame":{"__uuid__":"ecTKajMhRDU53Y9qvM9WZx"}},{"__type__":"cc.Button","node":{"__id__":4},"clickEvents":[{"__type__":"cc.ClickEvent","target":{"__id__":1},"component":"ClickAndRemove","handler":"ClickAndRemove"}],"_N$target":{"__id__":4}}],"_prefab":{"__type__":"cc.PrefabInfo","root":{"__id__":1},"asset":{"__uuid__":"51le2ChK5PvbU2rQE2TEY0"},"fileId":"3bXZ4j/5pE+JzRswu3QyV2"},"_contentSize":{"__type__":"cc.Size","width":82,"height":82},"_position":{"__type__":"cc.Vec3","x":326,"y":621},"_scale":{"__type__":"cc.Vec3","x":1,"y":1,"z":1}},{"__type__":"cc.Node","_name":"New Label","_parent":{"__id__":1},"_level":2,"_components":[{"__type__":"cc.Label","node":{"__id__":5},"_srcBlendFactor":1,"_useOriginalSize":false,"_string":"牌型大小：\n    数字比较：k>q>j>10>9>8>7>6>5>4>3>2>a。\n    花色比较：黑桃>红桃>梅花>方块。\n    牌型比较：无牛<有牛<牛牛<银牛<金牛<炸弹<五小牛。\n    无牛牌型比较：取其中最大的一张牌比较大小，牌大的赢，大小相同比花色。\n    有牛牌型比较：比牛数；牛数相同庄吃闲。\n    牛牛牌型比较：取其中最大的一张牌比较大小，牌大的赢，大小相同比花色。\n   炸弹之间大小比较：取炸弹牌比较大小。\n    五小牛牌型比较：庄吃闲。\n   五小牛>炸弹>五花牛>牛牛>有牛>没牛。\n\n基本规则:\n    牌面分数：10、J、Q、K都为10，其他按牌面数字计算。春、夏、秋、冬、梅、兰、竹、菊按0计算，不算花色。\n    任意3张牌之和为10的整数倍数，如果另外2张牌之和不为10的整数倍数，则根据这2张牌之和的个数为该副牌的牛数。例如（4，6，Q，9，9）牛数为8。\n    任意3张牌之和都不能为10的整数倍数，则判定该副牌无牛。例如（7，8，A，4。J）。\n    任意3张牌之和为10的整数倍数，如果另外2张牌之和也为10的整数倍数，即为牛牛。例如（7，8，5，K，10）\n    计分方式：闲家与庄家比牌，倍数为底分*庄家抢庄倍数*闲家下注倍数*牌型倍数。\n\n游戏流程:\n   准备：所有人都准备直接开始游戏。\n   发牌：明牌抢庄模式发牌，4明1暗。其他玩法不发牌。\n   抢庄：明牌抢庄模式每局都抢庄，倍数为1、2、4、不抢。牛牛上庄第一局抢庄，只有抢、不抢。自由抢庄每局都抢庄，只有抢、不抢。固定庄家第一局抢庄，只有抢、不抢。\n    定庄：倍数最大玩家为庄家，倍数相同随机庄家。牛牛上庄上把有牛牛的玩家为庄家，没有则庄家继续坐庄。固定庄家分数低于房间下线则下庄，房间结束。\n    发牌：除明牌抢庄模式，发牌，3明2暗。\n    下注：闲家下注。\n    看牌：点击看牌。\n    摊牌：摊牌比较牌型，计算分数。\n    ","_N$string":"牌型大小：\n    数字比较：k>q>j>10>9>8>7>6>5>4>3>2>a。\n    花色比较：黑桃>红桃>梅花>方块。\n    牌型比较：无牛<有牛<牛牛<银牛<金牛<炸弹<五小牛。\n    无牛牌型比较：取其中最大的一张牌比较大小，牌大的赢，大小相同比花色。\n    有牛牌型比较：比牛数；牛数相同庄吃闲。\n    牛牛牌型比较：取其中最大的一张牌比较大小，牌大的赢，大小相同比花色。\n   炸弹之间大小比较：取炸弹牌比较大小。\n    五小牛牌型比较：庄吃闲。\n   五小牛>炸弹>五花牛>牛牛>有牛>没牛。\n\n基本规则:\n    牌面分数：10、J、Q、K都为10，其他按牌面数字计算。春、夏、秋、冬、梅、兰、竹、菊按0计算，不算花色。\n    任意3张牌之和为10的整数倍数，如果另外2张牌之和不为10的整数倍数，则根据这2张牌之和的个数为该副牌的牛数。例如（4，6，Q，9，9）牛数为8。\n    任意3张牌之和都不能为10的整数倍数，则判定该副牌无牛。例如（7，8，A，4。J）。\n    任意3张牌之和为10的整数倍数，如果另外2张牌之和也为10的整数倍数，即为牛牛。例如（7，8，5，K，10）\n    计分方式：闲家与庄家比牌，倍数为底分*庄家抢庄倍数*闲家下注倍数*牌型倍数。\n\n游戏流程:\n   准备：所有人都准备直接开始游戏。\n   发牌：明牌抢庄模式发牌，4明1暗。其他玩法不发牌。\n   抢庄：明牌抢庄模式每局都抢庄，倍数为1、2、4、不抢。牛牛上庄第一局抢庄，只有抢、不抢。自由抢庄每局都抢庄，只有抢、不抢。固定庄家第一局抢庄，只有抢、不抢。\n    定庄：倍数最大玩家为庄家，倍数相同随机庄家。牛牛上庄上把有牛牛的玩家为庄家，没有则庄家继续坐庄。固定庄家分数低于房间下线则下庄，房间结束。\n    发牌：除明牌抢庄模式，发牌，3明2暗。\n    下注：闲家下注。\n    看牌：点击看牌。\n    摊牌：摊牌比较牌型，计算分数。\n    ","_fontSize":30,"_N$verticalAlign":1,"_N$overflow":2}],"_prefab":{"__type__":"cc.PrefabInfo","root":{"__id__":1},"asset":{"__uuid__":"51le2ChK5PvbU2rQE2TEY0"},"fileId":"eaf8UWRYxPXopFpk3RRCX7"},"_contentSize":{"__type__":"cc.Size","width":680,"height":1200},"_anchorPoint":{"__type__":"cc.Vec2","y":0.5},"_position":{"__type__":"cc.Vec3","x":-337,"y":-36},"_scale":{"__type__":"cc.Vec3","x":1,"y":1,"z":1}}],{"__type__":"cc.SpriteFrame","content":{"name":"img_jiugongge","texture":"eeumtg9UZFC5p++MwtR5oG","rect":[0,0,52,48],"offset":[0,0],"originalSize":[52,48]}},{"__type__":"cc.SpriteFrame","content":{"name":"default_panel","texture":"d8HsitJHxOYqo801xBk8ev","rect":[0,0,20,20],"offset":[0,0],"originalSize":[20,20],"capInsets":[6,6,6,6]}},{"__type__":"cc.SpriteFrame","content":{"name":"btn_close","texture":"d3/5XAiilORoAUxmBq5han","rect":[0,0,82,82],"offset":[0,0],"originalSize":[82,82]}}]