[{"__type__":"cc.BitmapFont","_name":"bull_score_lose","spriteFrame":{"__uuid__":"78ORKQIy5FxIbp8WT/hM+z"},"fontSize":32,"_fntConfig":{"commonHeight":28,"fontSize":32,"atlasName":"bull_score_lose.png","fontDefDictionary":{"9":{"rect":{"x":0,"y":0,"width":0,"height":0},"xOffset":0,"yOffset":0,"xAdvance":160},"32":{"rect":{"x":0,"y":0,"width":0,"height":0},"xOffset":0,"yOffset":0,"xAdvance":20},"45":{"rect":{"x":107,"y":0,"width":13,"height":8},"xOffset":4,"yOffset":13,"xAdvance":13},"48":{"rect":{"x":45,"y":0,"width":21,"height":28},"xOffset":0,"yOffset":0,"xAdvance":21},"49":{"rect":{"x":87,"y":0,"width":19,"height":28},"xOffset":1,"yOffset":0,"xAdvance":19},"50":{"rect":{"x":66,"y":29,"width":20,"height":28},"xOffset":1,"yOffset":0,"xAdvance":20},"51":{"rect":{"x":87,"y":29,"width":19,"height":28},"xOffset":1,"yOffset":0,"xAdvance":19},"52":{"rect":{"x":0,"y":0,"width":22,"height":28},"xOffset":0,"yOffset":0,"xAdvance":22},"53":{"rect":{"x":67,"y":0,"width":19,"height":28},"xOffset":1,"yOffset":0,"xAdvance":19},"54":{"rect":{"x":23,"y":0,"width":21,"height":28},"xOffset":0,"yOffset":0,"xAdvance":21},"55":{"rect":{"x":22,"y":29,"width":21,"height":28},"xOffset":0,"yOffset":0,"xAdvance":21},"56":{"rect":{"x":0,"y":29,"width":21,"height":28},"xOffset":0,"yOffset":0,"xAdvance":21},"57":{"rect":{"x":44,"y":29,"width":21,"height":28},"xOffset":0,"yOffset":0,"xAdvance":21}},"kerningDict":{}}},{"__type__":"cc.SpriteFrame","content":{"name":"bull_score_lose","texture":"cc9/RruxtBWqqs6u07rVzY","rect":[0,0,120,57],"offset":[-4,3.5],"originalSize":[128,64]}}]