[[{"__type__":"cc.Prefab","_name":"AlertUI","data":{"__id__":1}},{"__type__":"cc.Node","_name":"Alert","_children":[{"__id__":2},{"__id__":3},{"__id__":4},{"__id__":6},{"__id__":8}],"_level":1,"_components":[{"__type__":"588fbn0WshPn7r+mDdfxrLe","node":{"__id__":1}}],"_prefab":{"__type__":"cc.PrefabInfo","root":{"__id__":1},"asset":{"__uuid__":"0fOoFxvWxOVLYgpo7sGmMz"},"fileId":"fc799hKqnxIhJQlmfeLHzkk"},"_scale":{"__type__":"cc.Vec3","x":1,"y":1,"z":1}},{"__type__":"cc.Node","_name":"layout","_parent":{"__id__":1},"_components":[{"__type__":"cc.Sprite","node":{"__id__":2},"_spriteFrame":{"__uuid__":"a2MjXRFdtLlYQ5ouAFv/+R"},"_sizeMode":0},{"__type__":"cc.Button","node":{"__id__":2},"_N$target":{"__id__":2}}],"_prefab":{"__type__":"cc.PrefabInfo","root":{"__id__":1},"asset":{"__uuid__":"0fOoFxvWxOVLYgpo7sGmMz"},"fileId":"aed31jUcGJOW5eC+iK17C9g"},"_opacity":150,"_color":{"__type__":"cc.Color"},"_contentSize":{"__type__":"cc.Size","width":750,"height":1334},"_position":{"__type__":"cc.Vec3","x":362,"y":650},"_scale":{"__type__":"cc.Vec3","x":1.3,"y":1.3,"z":1}},{"__type__":"cc.Node","_name":"alert_bg","_parent":{"__id__":1},"_components":[{"__type__":"cc.Sprite","node":{"__id__":3},"_spriteFrame":{"__uuid__":"dcbQZGM+xD241hFDh+fcRu"},"_type":1,"_sizeMode":0}],"_prefab":{"__type__":"cc.PrefabInfo","root":{"__id__":1},"asset":{"__uuid__":"0fOoFxvWxOVLYgpo7sGmMz"},"fileId":"a5908vL45ZKFaedwP0aBE/n"},"_contentSize":{"__type__":"cc.Size","width":520,"height":325},"_position":{"__type__":"cc.Vec3","x":357,"y":665},"_scale":{"__type__":"cc.Vec3","x":1,"y":1,"z":1}},{"__type__":"cc.Node","_name":"btnCancel","_parent":{"__id__":1},"_children":[{"__id__":5}],"_components":[{"__type__":"cc.Sprite","node":{"__id__":4},"_spriteFrame":{"__uuid__":"802Jxf1zRAZ66CPwwpFURl"},"_type":1,"_sizeMode":0},{"__type__":"cc.Button","node":{"__id__":4},"transition":1,"pressedColor":{"__type__":"cc.Color","r":255,"g":255,"b":255},"hoverColor":{"__type__":"cc.Color","r":197,"g":188,"b":188},"clickEvents":[{"__type__":"cc.ClickEvent","target":{"__id__":1},"component":"Alert","handler":"OnCancleClick"}],"_N$normalColor":{"__type__":"cc.Color","r":255,"g":255,"b":255},"_N$disabledColor":{"__type__":"cc.Color","r":255,"g":255,"b":255},"_N$target":{"__id__":4}}],"_prefab":{"__type__":"cc.PrefabInfo","root":{"__id__":1},"asset":{"__uuid__":"0fOoFxvWxOVLYgpo7sGmMz"},"fileId":"7280dy/53dPNIAdPEDOo3OO"},"_contentSize":{"__type__":"cc.Size","width":200,"height":61},"_position":{"__type__":"cc.Vec3","x":479,"y":563},"_scale":{"__type__":"cc.Vec3","x":1,"y":1,"z":1}},{"__type__":"cc.Node","_name":"Label","_parent":{"__id__":4},"_components":[{"__type__":"cc.Label","node":{"__id__":5},"_srcBlendFactor":1,"_useOriginalSize":false,"_string":"取消","_N$string":"取消","_fontSize":30,"_N$horizontalAlign":1,"_N$verticalAlign":1}],"_prefab":{"__type__":"cc.PrefabInfo","root":{"__id__":1},"asset":{"__uuid__":"0fOoFxvWxOVLYgpo7sGmMz"},"fileId":"6085dvZUwdHJJmJbMgoZ8Tf"},"_color":{"__type__":"cc.Color","r":255,"g":250,"b":250},"_contentSize":{"__type__":"cc.Size","width":60,"height":40},"_scale":{"__type__":"cc.Vec3","x":1,"y":1,"z":1}},{"__type__":"cc.Node","_name":"btnEnable","_parent":{"__id__":1},"_children":[{"__id__":7}],"_components":[{"__type__":"cc.Sprite","node":{"__id__":6},"_spriteFrame":{"__uuid__":"2bmoC6sgJBA5WZO9ckBxqj"},"_type":1,"_sizeMode":0},{"__type__":"cc.Button","node":{"__id__":6},"transition":1,"pressedColor":{"__type__":"cc.Color","r":172,"g":160,"b":160},"hoverColor":{"__type__":"cc.Color","r":202,"g":194,"b":194},"clickEvents":[{"__type__":"cc.ClickEvent","target":{"__id__":1},"component":"Alert","handler":"OnOkClick"}],"_N$normalColor":{"__type__":"cc.Color","r":255,"g":255,"b":255},"_N$disabledColor":{"__type__":"cc.Color","r":255,"g":255,"b":255},"_N$target":{"__id__":6}}],"_prefab":{"__type__":"cc.PrefabInfo","root":{"__id__":1},"asset":{"__uuid__":"0fOoFxvWxOVLYgpo7sGmMz"},"fileId":"785891xKmpPJKZcSzv4L2sl"},"_contentSize":{"__type__":"cc.Size","width":200,"height":60},"_position":{"__type__":"cc.Vec3","x":238,"y":563},"_scale":{"__type__":"cc.Vec3","x":1,"y":1,"z":1}},{"__type__":"cc.Node","_name":"Label","_parent":{"__id__":6},"_components":[{"__type__":"cc.Label","node":{"__id__":7},"_srcBlendFactor":1,"_useOriginalSize":false,"_string":"确定","_N$string":"确定","_fontSize":30,"_N$horizontalAlign":1,"_N$verticalAlign":1}],"_prefab":{"__type__":"cc.PrefabInfo","root":{"__id__":1},"asset":{"__uuid__":"0fOoFxvWxOVLYgpo7sGmMz"},"fileId":"2653bpas1lEba1vukbawNfT"},"_color":{"__type__":"cc.Color","r":252,"g":242,"b":242},"_contentSize":{"__type__":"cc.Size","width":60,"height":40},"_scale":{"__type__":"cc.Vec3","x":1,"y":1,"z":1}},{"__type__":"cc.Node","_name":"content","_parent":{"__id__":1},"_components":[{"__type__":"cc.Label","node":{"__id__":8},"_srcBlendFactor":1,"_useOriginalSize":false,"_string":"LabelLabelLabelLabelLabel","_N$string":"LabelLabelLabelLabelLabel","_fontSize":32,"_enableWrapText":false,"_N$horizontalAlign":1,"_N$verticalAlign":1,"_N$overflow":1}],"_prefab":{"__type__":"cc.PrefabInfo","root":{"__id__":1},"asset":{"__uuid__":"0fOoFxvWxOVLYgpo7sGmMz"},"fileId":"c04ff2KBANJA7SAQngcANya"},"_contentSize":{"__type__":"cc.Size","width":391.48,"height":40},"_position":{"__type__":"cc.Vec3","x":352,"y":698},"_scale":{"__type__":"cc.Vec3","x":1,"y":1,"z":1}}],{"__type__":"cc.SpriteFrame","content":{"name":"button1","texture":"51Gi0ms8lL5YCZNpG/ubcv","rect":[0,3,200,60],"offset":[0,-0.5],"originalSize":[200,65]}},{"__type__":"cc.SpriteFrame","content":{"name":"button2","texture":"f0hMigX31DQJT9wf/Xpk4e","rect":[0,2,200,61],"offset":[0,0],"originalSize":[200,65]}},{"__type__":"cc.SpriteFrame","content":{"name":"default_sprite_splash","texture":"02delMVqdBD70a/HSD99FK","rect":[0,0,2,2],"offset":[0,0],"originalSize":[2,2]}},{"__type__":"cc.SpriteFrame","content":{"name":"alertbg_new","texture":"ae8uXQkzFJyp/CuAGNVw66","rect":[0,0,300,240],"offset":[0,0],"originalSize":[300,240]}}]