[{"__type__":"cc.BitmapFont","_name":"bull_score_win","spriteFrame":{"__uuid__":"e8rPDG+QVGvbxRCzXn3ei9"},"fontSize":32,"_fntConfig":{"commonHeight":28,"fontSize":32,"atlasName":"bull_score_win.png","fontDefDictionary":{"9":{"rect":{"x":0,"y":0,"width":0,"height":0},"xOffset":0,"yOffset":0,"xAdvance":160},"32":{"rect":{"x":0,"y":0,"width":0,"height":0},"xOffset":0,"yOffset":0,"xAdvance":20},"43":{"rect":{"x":66,"y":0,"width":20,"height":20},"xOffset":1,"yOffset":6,"xAdvance":20},"48":{"rect":{"x":22,"y":29,"width":21,"height":28},"xOffset":0,"yOffset":0,"xAdvance":21},"49":{"rect":{"x":87,"y":0,"width":20,"height":28},"xOffset":1,"yOffset":0,"xAdvance":20},"50":{"rect":{"x":66,"y":21,"width":20,"height":28},"xOffset":1,"yOffset":0,"xAdvance":20},"51":{"rect":{"x":107,"y":29,"width":19,"height":28},"xOffset":1,"yOffset":0,"xAdvance":19},"52":{"rect":{"x":0,"y":0,"width":22,"height":28},"xOffset":0,"yOffset":0,"xAdvance":22},"53":{"rect":{"x":87,"y":29,"width":19,"height":28},"xOffset":1,"yOffset":0,"xAdvance":19},"54":{"rect":{"x":23,"y":0,"width":21,"height":28},"xOffset":0,"yOffset":0,"xAdvance":21},"55":{"rect":{"x":44,"y":29,"width":21,"height":28},"xOffset":0,"yOffset":0,"xAdvance":21},"56":{"rect":{"x":0,"y":29,"width":21,"height":28},"xOffset":0,"yOffset":0,"xAdvance":21},"57":{"rect":{"x":45,"y":0,"width":20,"height":28},"xOffset":1,"yOffset":0,"xAdvance":20}},"kerningDict":{}}},{"__type__":"cc.SpriteFrame","content":{"name":"bull_score_win","texture":"e6fJVjnRlLWbAuREnS9Uz+","rect":[0,0,126,57],"offset":[-1,3.5],"originalSize":[128,64]}}]