[{"__type__":"cc.SpriteFrame","content":{"name":"note","texture":"9a1n25ppJH3p8CcLrx4Eu8","rect":[0,0,682,719],"offset":[0,0],"originalSize":[682,719]}},[{"__type__":"cc.Prefab","_name":"TipRule","data":{"__id__":1}},{"__type__":"cc.Node","_name":"TipRule","_children":[{"__id__":2},{"__id__":3}],"_level":1,"_components":[{"__type__":"cc.Button","node":{"__id__":1},"clickEvents":[{"__type__":"cc.ClickEvent","target":{"__id__":1},"component":"ClickAndRemove","handler":"ClickAndRemove"}],"_N$target":{"__id__":1}},{"__type__":"ca370iLC85FApr9J8W9GoPq","node":{"__id__":1}}],"_prefab":{"__type__":"cc.PrefabInfo","root":{"__id__":1},"asset":{"__uuid__":"32njizGf5L5LN71Nj+vRlJ"},"fileId":"7dh9VbBgBKD7bkUTZl5bD+"},"_contentSize":{"__type__":"cc.Size","width":750,"height":1334},"_scale":{"__type__":"cc.Vec3","x":1,"y":1,"z":1}},{"__type__":"cc.Node","_name":"bg","_parent":{"__id__":1},"_components":[{"__type__":"cc.Sprite","node":{"__id__":2},"_spriteFrame":{"__uuid__":"a2MjXRFdtLlYQ5ouAFv/+R"},"_sizeMode":0}],"_prefab":{"__type__":"cc.PrefabInfo","root":{"__id__":1},"asset":{"__uuid__":"32njizGf5L5LN71Nj+vRlJ"},"fileId":"09xQBYvUhOy6SFRNZzuSZx"},"_opacity":155,"_color":{"__type__":"cc.Color"},"_contentSize":{"__type__":"cc.Size","width":750,"height":1334},"_scale":{"__type__":"cc.Vec3","x":1.3,"y":1.3,"z":1}},{"__type__":"cc.Node","_name":"note","_parent":{"__id__":1},"_components":[{"__type__":"cc.Sprite","node":{"__id__":3},"_spriteFrame":{"__uuid__":"28mOC7xLFK1Yw/2Mf0r/DZ"}}],"_prefab":{"__type__":"cc.PrefabInfo","root":{"__id__":1},"asset":{"__uuid__":"32njizGf5L5LN71Nj+vRlJ"},"fileId":"8auEoLnqFB2IzkGTtAl657"},"_contentSize":{"__type__":"cc.Size","width":682,"height":719},"_scale":{"__type__":"cc.Vec3","x":0.85,"y":0.85,"z":1}}],{"__type__":"cc.SpriteFrame","content":{"name":"default_sprite_splash","texture":"02delMVqdBD70a/HSD99FK","rect":[0,0,2,2],"offset":[0,0],"originalSize":[2,2]}}]