[[{"__type__":"cc.Prefab","_name":"coin","data":{"__id__":1}},{"__type__":"cc.Node","_name":"coin","_components":[{"__type__":"cc.Sprite","node":{"__id__":1},"_spriteFrame":{"__uuid__":"48ToWCWPpHNZ7SCNjiJc8F"}}],"_prefab":{"__type__":"cc.PrefabInfo","root":{"__id__":1},"asset":{"__uuid__":"18DRY95VFH2IVtMcmZ8vgH"},"fileId":"7b7baJzFlxJS6Ab/DvrW3V3"},"_contentSize":{"__type__":"cc.Size","width":59,"height":60},"_scaleX":0.5,"_scaleY":0.5,"_scale":{"__type__":"cc.Vec3","x":1,"y":1,"z":1}}],{"__type__":"cc.SpriteFrame","content":{"name":"coin","texture":"f9hbVoq7BNw7/iSRtXsKca","rect":[0,0,59,60],"offset":[-0.5,0],"originalSize":[60,60]}}]