[{"__type__":"cc.BitmapFont","_name":"bull_fight_o-export","spriteFrame":{"__uuid__":"c0cARZRjFMfbbPmvlopLTy"},"fontSize":32,"_fntConfig":{"commonHeight":85,"fontSize":32,"atlasName":"C:\\Users\\Administrator\\Desktop\\6人\\images\\bull_fight_o-export.png","fontDefDictionary":{"9":{"rect":{"x":0,"y":0,"width":0,"height":0},"xOffset":0,"yOffset":0,"xAdvance":704},"32":{"rect":{"x":0,"y":0,"width":0,"height":0},"xOffset":0,"yOffset":0,"xAdvance":88},"33":{"rect":{"x":0,"y":0,"width":126,"height":57},"xOffset":0,"yOffset":28,"xAdvance":139}},"kerningDict":{}}},{"__type__":"cc.SpriteFrame","content":{"name":"bull_fight_o-export","texture":"88eBU0wfRGkrRwYc2Do409","rect":[0,0,126,57],"offset":[-1,3.5],"originalSize":[128,64]}}]