[{"__type__":"cc.SpriteFrame","content":{"name":"teshu_-2","texture":"b0Qwq8TVBC6J3LWE2xMfm8","rect":[614,150,146,202],"offset":[0,1],"originalSize":[146,204],"rotated":1}},{"__type__":"cc.SpriteFrame","content":{"name":"hongtao_6","texture":"b0Qwq8TVBC6J3LWE2xMfm8","rect":[206,742,146,202],"offset":[0,1],"originalSize":[146,204],"rotated":1}},{"__type__":"cc.SpriteFrame","content":{"name":"fangkuai_4","texture":"b0Qwq8TVBC6J3LWE2xMfm8","rect":[502,1334,146,202],"offset":[0,1],"originalSize":[146,204],"rotated":1}},{"__type__":"cc.SpriteFrame","content":{"name":"heitao_5","texture":"b0Qwq8TVBC6J3LWE2xMfm8","rect":[2,1236,146,202],"offset":[0,1],"originalSize":[146,204]}},{"__type__":"cc.SpriteFrame","content":{"name":"hongtao_7","texture":"b0Qwq8TVBC6J3LWE2xMfm8","rect":[2,742,146,202],"offset":[0,1],"originalSize":[146,204],"rotated":1}},{"__type__":"cc.SpriteFrame","content":{"name":"heitao_2","texture":"b0Qwq8TVBC6J3LWE2xMfm8","rect":[2,1848,146,202],"offset":[0,1],"originalSize":[146,204],"rotated":1}},{"__type__":"cc.SpriteFrame","content":{"name":"heitao_10","texture":"b0Qwq8TVBC6J3LWE2xMfm8","rect":[818,1236,146,202],"offset":[0,1],"originalSize":[146,204],"rotated":1}},{"__type__":"cc.SpriteFrame","content":{"name":"meihua_10","texture":"b0Qwq8TVBC6J3LWE2xMfm8","rect":[206,594,146,202],"offset":[0,1],"originalSize":[146,204],"rotated":1}},{"__type__":"cc.SpriteFrame","content":{"name":"meihua_4","texture":"b0Qwq8TVBC6J3LWE2xMfm8","rect":[206,446,146,202],"offset":[0,1],"originalSize":[146,204],"rotated":1}},{"__type__":"cc.SpriteFrame","content":{"name":"fangkuai_9","texture":"b0Qwq8TVBC6J3LWE2xMfm8","rect":[150,1588,146,202],"offset":[0,1],"originalSize":[146,204]}},{"__type__":"cc.SpriteFrame","content":{"name":"teshu_-5","texture":"b0Qwq8TVBC6J3LWE2xMfm8","rect":[2,150,146,202],"offset":[0,1],"originalSize":[146,204],"rotated":1}},{"__type__":"cc.SpriteFrame","content":{"name":"hongtao_9","texture":"b0Qwq8TVBC6J3LWE2xMfm8","rect":[614,594,146,202],"offset":[0,1],"originalSize":[146,204],"rotated":1}},{"__type__":"cc.SpriteFrame","content":{"name":"heitao_8","texture":"b0Qwq8TVBC6J3LWE2xMfm8","rect":[410,1038,146,202],"offset":[0,1],"originalSize":[146,204],"rotated":1}},{"__type__":"cc.SpriteFrame","content":{"name":"teshu_-3","texture":"b0Qwq8TVBC6J3LWE2xMfm8","rect":[410,150,146,202],"offset":[0,1],"originalSize":[146,204],"rotated":1}},{"__type__":"cc.SpriteFrame","content":{"name":"hongtao_10","texture":"b0Qwq8TVBC6J3LWE2xMfm8","rect":[818,940,146,202],"offset":[0,1],"originalSize":[146,204],"rotated":1}},{"__type__":"cc.SpriteFrame","content":{"name":"hongtao_11","texture":"b0Qwq8TVBC6J3LWE2xMfm8","rect":[614,890,146,202],"offset":[0,1],"originalSize":[146,204],"rotated":1}},{"__type__":"cc.SpriteFrame","content":{"name":"teshu_-6","texture":"b0Qwq8TVBC6J3LWE2xMfm8","rect":[822,144,146,202],"offset":[0,1],"originalSize":[146,204]}},{"__type__":"cc.SpriteFrame","content":{"name":"fangkuai_6","texture":"b0Qwq8TVBC6J3LWE2xMfm8","rect":[298,1588,146,202],"offset":[0,1],"originalSize":[146,204]}},{"__type__":"cc.SpriteFrame","content":{"name":"fangkuai_1","texture":"b0Qwq8TVBC6J3LWE2xMfm8","rect":[706,1884,146,202],"offset":[0,1],"originalSize":[146,204],"rotated":1}},{"__type__":"cc.SpriteFrame","content":{"name":"meihua_5","texture":"b0Qwq8TVBC6J3LWE2xMfm8","rect":[2,446,146,202],"offset":[0,1],"originalSize":[146,204],"rotated":1}},{"__type__":"cc.SpriteFrame","content":{"name":"heitao_7","texture":"b0Qwq8TVBC6J3LWE2xMfm8","rect":[614,1038,146,202],"offset":[0,1],"originalSize":[146,204],"rotated":1}},{"__type__":"cc.SpriteFrame","content":{"name":"meihua_2","texture":"b0Qwq8TVBC6J3LWE2xMfm8","rect":[614,446,146,202],"offset":[0,1],"originalSize":[146,204],"rotated":1}},{"__type__":"cc.SpriteFrame","content":{"name":"fangkuai_11","texture":"b0Qwq8TVBC6J3LWE2xMfm8","rect":[502,1890,146,202],"offset":[0,1],"originalSize":[146,204],"rotated":1}},{"__type__":"cc.SpriteFrame","content":{"name":"heitao_12","texture":"b0Qwq8TVBC6J3LWE2xMfm8","rect":[410,1186,146,202],"offset":[0,1],"originalSize":[146,204],"rotated":1}},{"__type__":"cc.SpriteFrame","content":{"name":"hongtao_8","texture":"b0Qwq8TVBC6J3LWE2xMfm8","rect":[818,644,146,202],"offset":[0,1],"originalSize":[146,204],"rotated":1}},{"__type__":"cc.SpriteFrame","content":{"name":"heitao_11","texture":"b0Qwq8TVBC6J3LWE2xMfm8","rect":[614,1186,146,202],"offset":[0,1],"originalSize":[146,204],"rotated":1}},{"__type__":"cc.SpriteFrame","content":{"name":"teshu_-7","texture":"b0Qwq8TVBC6J3LWE2xMfm8","rect":[618,2,146,202],"offset":[0,1],"originalSize":[146,204],"rotated":1}},{"__type__":"cc.SpriteFrame","content":{"name":"fangkuai_13","texture":"b0Qwq8TVBC6J3LWE2xMfm8","rect":[502,1686,146,202],"offset":[0,1],"originalSize":[146,204]}},{"__type__":"cc.SpriteFrame","content":{"name":"fangkuai_8","texture":"b0Qwq8TVBC6J3LWE2xMfm8","rect":[206,1792,146,202],"offset":[0,1],"originalSize":[146,204]}},{"__type__":"cc.SpriteFrame","content":{"name":"fangkuai_3","texture":"b0Qwq8TVBC6J3LWE2xMfm8","rect":[446,1482,146,202],"offset":[0,1],"originalSize":[146,204]}},{"__type__":"cc.SpriteFrame","content":{"name":"meihua_8","texture":"b0Qwq8TVBC6J3LWE2xMfm8","rect":[410,298,146,202],"offset":[0,1],"originalSize":[146,204],"rotated":1}},{"__type__":"cc.SpriteFrame","content":{"name":"dawang_0","texture":"b0Qwq8TVBC6J3LWE2xMfm8","rect":[822,2,140,198],"offset":[0,1],"originalSize":[146,204],"rotated":1}},{"__type__":"cc.SpriteFrame","content":{"name":"xiaowang_0","texture":"b0Qwq8TVBC6J3LWE2xMfm8","rect":[798,1532,144,202],"offset":[0,1],"originalSize":[146,204],"rotated":1}},{"__type__":"cc.SpriteFrame","content":{"name":"backview","texture":"b0Qwq8TVBC6J3LWE2xMfm8","rect":[208,2,146,204],"offset":[0,0],"originalSize":[146,204],"rotated":1}},{"__type__":"cc.SpriteFrame","content":{"name":"heitao_3","texture":"b0Qwq8TVBC6J3LWE2xMfm8","rect":[2,1644,146,202],"offset":[0,1],"originalSize":[146,204]}},{"__type__":"cc.SpriteFrame","content":{"name":"meihua_13","texture":"b0Qwq8TVBC6J3LWE2xMfm8","rect":[818,496,146,202],"offset":[0,1],"originalSize":[146,204],"rotated":1}},{"__type__":"cc.SpriteFrame","content":{"name":"heitao_13","texture":"b0Qwq8TVBC6J3LWE2xMfm8","rect":[206,1186,146,202],"offset":[0,1],"originalSize":[146,204],"rotated":1}},{"__type__":"cc.SpriteFrame","content":{"name":"meihua_3","texture":"b0Qwq8TVBC6J3LWE2xMfm8","rect":[410,446,146,202],"offset":[0,1],"originalSize":[146,204],"rotated":1}},{"__type__":"cc.SpriteFrame","content":{"name":"hongtao_1","texture":"b0Qwq8TVBC6J3LWE2xMfm8","rect":[2,1038,146,202],"offset":[0,1],"originalSize":[146,204],"rotated":1}},{"__type__":"cc.SpriteFrame","content":{"name":"heitao_9","texture":"b0Qwq8TVBC6J3LWE2xMfm8","rect":[206,1038,146,202],"offset":[0,1],"originalSize":[146,204],"rotated":1}},{"__type__":"cc.SpriteFrame","content":{"name":"fangkuai_12","texture":"b0Qwq8TVBC6J3LWE2xMfm8","rect":[594,1532,146,202],"offset":[0,1],"originalSize":[146,204],"rotated":1}},{"__type__":"cc.SpriteFrame","content":{"name":"meihua_12","texture":"b0Qwq8TVBC6J3LWE2xMfm8","rect":[2,2,146,204],"offset":[0,0],"originalSize":[146,204],"rotated":1}},{"__type__":"cc.SpriteFrame","content":{"name":"teshu_-8","texture":"b0Qwq8TVBC6J3LWE2xMfm8","rect":[414,2,146,202],"offset":[0,1],"originalSize":[146,204],"rotated":1}},{"__type__":"cc.SpriteFrame","content":{"name":"hongtao_13","texture":"b0Qwq8TVBC6J3LWE2xMfm8","rect":[206,890,146,202],"offset":[0,1],"originalSize":[146,204],"rotated":1}},{"__type__":"cc.SpriteFrame","content":{"name":"fangkuai_7","texture":"b0Qwq8TVBC6J3LWE2xMfm8","rect":[298,1384,146,202],"offset":[0,1],"originalSize":[146,204]}},{"__type__":"cc.SpriteFrame","content":{"name":"hongtao_5","texture":"b0Qwq8TVBC6J3LWE2xMfm8","rect":[410,742,146,202],"offset":[0,1],"originalSize":[146,204],"rotated":1}},{"__type__":"cc.SpriteFrame","content":{"name":"meihua_7","texture":"b0Qwq8TVBC6J3LWE2xMfm8","rect":[614,298,146,202],"offset":[0,1],"originalSize":[146,204],"rotated":1}},{"__type__":"cc.SpriteFrame","content":{"name":"heitao_6","texture":"b0Qwq8TVBC6J3LWE2xMfm8","rect":[818,1088,146,202],"offset":[0,1],"originalSize":[146,204],"rotated":1}},{"__type__":"cc.SpriteFrame","content":{"name":"hongtao_3","texture":"b0Qwq8TVBC6J3LWE2xMfm8","rect":[818,792,146,202],"offset":[0,1],"originalSize":[146,204],"rotated":1}},{"__type__":"cc.SpriteFrame","content":{"name":"fangkuai_10","texture":"b0Qwq8TVBC6J3LWE2xMfm8","rect":[650,1680,146,202],"offset":[0,1],"originalSize":[146,204]}},{"__type__":"cc.SpriteAtlas","_name":"pokers.plist","_spriteFrames":{"backview":{"__uuid__":"80ZDlwV4dCSrSsoYQvD7+t"},"dawang_0":{"__uuid__":"7eURO8NzJHoKaTF4jEiddY"},"fangkuai_1":{"__uuid__":"47uoGrUgpBxaNuEtc6vuhd"},"fangkuai_10":{"__uuid__":"c0cnXa/glK/Yi6iFYeq/UT"},"fangkuai_11":{"__uuid__":"51n5zwV1lORZid9vVItQq1"},"fangkuai_12":{"__uuid__":"90OiV5W/FCSKS6SO86qpWn"},"fangkuai_13":{"__uuid__":"65cpI0101B5add3nY6fSug"},"fangkuai_2":{"__uuid__":"e4NphNGkJKPqh1vsOOZfkT"},"fangkuai_3":{"__uuid__":"72e86o3uZBvq/Wq1+LZL1+"},"fangkuai_4":{"__uuid__":"08XGbwk1hOp5eh1ovCCyPE"},"fangkuai_5":{"__uuid__":"ccSzWJffZKHr2T4Rhy+PhH"},"fangkuai_6":{"__uuid__":"46BtopnNlDzZf5kmTTGu6g"},"fangkuai_7":{"__uuid__":"aeeL6KUBxK1ZB3Yi3vC+z+"},"fangkuai_8":{"__uuid__":"70HCQ8N0xDwbRJAgH66GHl"},"fangkuai_9":{"__uuid__":"1bYDWM5MhBwb+R/uL/QLZA"},"heitao_1":{"__uuid__":"f08kC3m5RG34PlKcfRgxnx"},"heitao_10":{"__uuid__":"14hqJn7EhNOpxZ6jaGep8a"},"heitao_11":{"__uuid__":"5akGBtA45PioOgBXODZ6UC"},"heitao_12":{"__uuid__":"52+JFTSs5OmoHqtJBpx3gw"},"heitao_13":{"__uuid__":"83FXkJ/EBJaqEv4gtbjTJj"},"heitao_2":{"__uuid__":"13yed+9kpCK7BMgLCAOPsf"},"heitao_3":{"__uuid__":"80uswUiTdEvKxISmADcaj5"},"heitao_4":{"__uuid__":"d4iMPiZapK5rFjq24uKA0Y"},"heitao_5":{"__uuid__":"09plO93vpFarPx7F8C3Ec1"},"heitao_6":{"__uuid__":"b9wkmOCtlNFbzKn4njh6+K"},"heitao_7":{"__uuid__":"4bOx/wxMZAVahdZmsrNETX"},"heitao_8":{"__uuid__":"23IwgYllVJ2IcROKHiXvy6"},"heitao_9":{"__uuid__":"8fWgmCvkFJoaK5HZj1mgUf"},"hongtao_1":{"__uuid__":"88wqJJqYtDbIyf0SBo0+Kk"},"hongtao_10":{"__uuid__":"30iWXaL8NDA68QmpvlsuuE"},"hongtao_11":{"__uuid__":"31/6lw1ydO6K0tR1LAtJku"},"hongtao_12":{"__uuid__":"cejCDQHT9OkJXUQDBkzMFW"},"hongtao_13":{"__uuid__":"a2vvJoTm5KMpfsJIQghPoV"},"hongtao_2":{"__uuid__":"f2wOU+87JIoZ4vsDMCisNU"},"hongtao_3":{"__uuid__":"b9xUYmbbdNcanyP7ExZiIu"},"hongtao_4":{"__uuid__":"ea+QtVjGhHzIoAPzX07a6A"},"hongtao_5":{"__uuid__":"b4CDWm6wJNlJGEUNn/e71j"},"hongtao_6":{"__uuid__":"07TuU13TpJzbeCzjjbsXXt"},"hongtao_7":{"__uuid__":"0bqZXVstlJz7npFR/x/TuW"},"hongtao_8":{"__uuid__":"5809CXCMdG95hv20Dx8R3x"},"hongtao_9":{"__uuid__":"22F3CFH/VFiZcKjRAXTX2m"},"meihua_1":{"__uuid__":"ed5HX1w2RLZbNoTvUg5lZO"},"meihua_10":{"__uuid__":"1aL+8hJc5MYazKeprLiej4"},"meihua_11":{"__uuid__":"c5NOC5ehZI2b/DxmLPjt2S"},"meihua_12":{"__uuid__":"90pR2mxdtF2LB7Sit5NcSO"},"meihua_13":{"__uuid__":"828S91BThNO4kpgrlYmBBh"},"meihua_2":{"__uuid__":"4eUrwcTH1On55t4Drxeb4F"},"meihua_3":{"__uuid__":"86bZ/jiP9EorkVRlIlus5A"},"meihua_4":{"__uuid__":"1a4LqcZPhDi4mUuGRFTeeh"},"meihua_5":{"__uuid__":"48iGOP2jNP37vsTAwxfAvD"},"meihua_6":{"__uuid__":"f5sYQ7P5hLVIRSeWqHrPyR"},"meihua_7":{"__uuid__":"b9nnsmXqNHFLPZFd6AEUYp"},"meihua_8":{"__uuid__":"7eQDNZPyhPyapiVfpIdxU/"},"meihua_9":{"__uuid__":"db1DrrDXdM3q3rl4yryMAq"},"teshu_-1":{"__uuid__":"f7xL1OrJRJcK3LfLDZgIKJ"},"teshu_-2":{"__uuid__":"00LSbQRItMGK+NhqXIEQUO"},"teshu_-3":{"__uuid__":"29QvjNYk5IWZ3teqH/5BBf"},"teshu_-4":{"__uuid__":"e0b+ppnXhEN4MuFeO3JR5b"},"teshu_-5":{"__uuid__":"20U6qERV5NC4+YsiOvSG/q"},"teshu_-6":{"__uuid__":"41A+gi71hLQ7NyRogg4E4Q"},"teshu_-7":{"__uuid__":"5b+NP4YdNGwr5bocH10bvX"},"teshu_-8":{"__uuid__":"96ByVZcANBmoGOqR8GBAIF"},"xiaowang_0":{"__uuid__":"7fO9nnWa1NjKUhsLJ45Ttl"}}},{"__type__":"cc.SpriteFrame","content":{"name":"meihua_11","texture":"b0Qwq8TVBC6J3LWE2xMfm8","rect":[2,594,146,202],"offset":[0,1],"originalSize":[146,204],"rotated":1}},{"__type__":"cc.SpriteFrame","content":{"name":"fangkuai_5","texture":"b0Qwq8TVBC6J3LWE2xMfm8","rect":[354,1792,146,202],"offset":[0,1],"originalSize":[146,204]}},{"__type__":"cc.SpriteFrame","content":{"name":"hongtao_12","texture":"b0Qwq8TVBC6J3LWE2xMfm8","rect":[410,890,146,202],"offset":[0,1],"originalSize":[146,204],"rotated":1}},{"__type__":"cc.SpriteFrame","content":{"name":"heitao_4","texture":"b0Qwq8TVBC6J3LWE2xMfm8","rect":[2,1440,146,202],"offset":[0,1],"originalSize":[146,204]}},{"__type__":"cc.SpriteFrame","content":{"name":"meihua_9","texture":"b0Qwq8TVBC6J3LWE2xMfm8","rect":[206,298,146,202],"offset":[0,1],"originalSize":[146,204],"rotated":1}},{"__type__":"cc.SpriteFrame","content":{"name":"teshu_-4","texture":"b0Qwq8TVBC6J3LWE2xMfm8","rect":[206,150,146,202],"offset":[0,1],"originalSize":[146,204],"rotated":1}},{"__type__":"cc.SpriteFrame","content":{"name":"fangkuai_2","texture":"b0Qwq8TVBC6J3LWE2xMfm8","rect":[706,1384,146,202],"offset":[0,1],"originalSize":[146,204],"rotated":1}},{"__type__":"cc.SpriteFrame","content":{"name":"hongtao_4","texture":"b0Qwq8TVBC6J3LWE2xMfm8","rect":[614,742,146,202],"offset":[0,1],"originalSize":[146,204],"rotated":1}},{"__type__":"cc.SpriteFrame","content":{"name":"meihua_1","texture":"b0Qwq8TVBC6J3LWE2xMfm8","rect":[410,594,146,202],"offset":[0,1],"originalSize":[146,204],"rotated":1}},{"__type__":"cc.SpriteFrame","content":{"name":"heitao_1","texture":"b0Qwq8TVBC6J3LWE2xMfm8","rect":[150,1384,146,202],"offset":[0,1],"originalSize":[146,204]}},{"__type__":"cc.SpriteFrame","content":{"name":"hongtao_2","texture":"b0Qwq8TVBC6J3LWE2xMfm8","rect":[2,890,146,202],"offset":[0,1],"originalSize":[146,204],"rotated":1}},{"__type__":"cc.SpriteFrame","content":{"name":"meihua_6","texture":"b0Qwq8TVBC6J3LWE2xMfm8","rect":[818,348,146,202],"offset":[0,1],"originalSize":[146,204],"rotated":1}},{"__type__":"cc.SpriteFrame","content":{"name":"teshu_-1","texture":"b0Qwq8TVBC6J3LWE2xMfm8","rect":[2,298,146,202],"offset":[0,1],"originalSize":[146,204],"rotated":1}}]