[{"__type__":"cc.SpriteFrame","content":{"name":"info_bg","texture":"5eC48EI5lB+o1Vq2wpd4/5","rect":[0,0,88,95],"offset":[0,0],"originalSize":[88,95],"capInsets":[27,28,27,39]}},{"__type__":"cc.SpriteFrame","content":{"name":"backview","texture":"b0Qwq8TVBC6J3LWE2xMfm8","rect":[208,2,146,204],"offset":[0,0],"originalSize":[146,204],"rotated":1}},[{"__type__":"cc.Prefab","_name":"poker","data":{"__id__":1}},{"__type__":"cc.Node","_name":"poker","_children":[{"__id__":2}],"_components":[{"__type__":"cc.Sprite","node":{"__id__":1},"_spriteFrame":{"__uuid__":"80ZDlwV4dCSrSsoYQvD7+t"}}],"_prefab":{"__type__":"cc.PrefabInfo","root":{"__id__":1},"asset":{"__uuid__":"faY0fVYMhO1bYkLI7ui0EV"},"fileId":"498d2tiWH9D762kDMtIaiJS"},"_contentSize":{"__type__":"cc.Size","width":146,"height":204},"_scaleX":0.6,"_scaleY":0.6,"_scale":{"__type__":"cc.Vec3","x":1,"y":1,"z":1}},{"__type__":"cc.Node","_name":"unsel","_parent":{"__id__":1},"_active":false,"_components":[{"__type__":"cc.Sprite","node":{"__id__":2},"_spriteFrame":{"__uuid__":"641RUdDdRPo5a4816Luo4X"},"_type":1,"_sizeMode":0}],"_prefab":{"__type__":"cc.PrefabInfo","root":{"__id__":1},"asset":{"__uuid__":"faY0fVYMhO1bYkLI7ui0EV"},"fileId":"411f3JA12JCG6debX+0+26v"},"_opacity":155,"_contentSize":{"__type__":"cc.Size","width":170,"height":225},"_position":{"__type__":"cc.Vec3","x":0.9,"y":-4},"_scaleX":1,"_scaleY":1,"_scale":{"__type__":"cc.Vec3","x":1,"y":1,"z":1}}]]