[{"__type__":"cc.SpriteFrame","content":{"name":"loading_str","texture":"04ovCi4sdLlJSt0hFlvWvB","rect":[0,0,233,31],"offset":[0,0.5],"originalSize":[233,32]}},{"__type__":"cc.SpriteFrame","content":{"name":"bg","texture":"78jD5JydxMroRc9RwjoC61","rect":[0,0,750,1334],"offset":[0,0],"originalSize":[750,1334]}},[{"__type__":"cc.SceneAsset","_name":"loading","scene":{"__id__":1},"asyncLoadAssets":null},{"__type__":"cc.Scene","_name":"New Node","_children":[{"__id__":2},{"__id__":8}],"_anchorPoint":{"__type__":"cc.Vec2"},"_scale":{"__type__":"cc.Vec3","x":0.27645985401459855,"y":0.27645985401459855,"z":1},"autoReleaseAssets":false},{"__type__":"cc.Node","_name":"Canvas","_parent":{"__id__":1},"_children":[{"__id__":3},{"__id__":4},{"__id__":5},{"__id__":6}],"_level":1,"_components":[{"__type__":"cc.Canvas","node":{"__id__":2},"_designResolution":{"__type__":"cc.Size","width":750,"height":1096},"_fitWidth":true,"_fitHeight":false},{"__type__":"d5514vyyh1PT79voJ6ap6oD","node":{"__id__":2},"tipLabel":{"__id__":7}}],"_contentSize":{"__type__":"cc.Size","width":750,"height":1096},"_position":{"__type__":"cc.Vec3","x":375,"y":548},"_scale":{"__type__":"cc.Vec3","x":1,"y":1,"z":1},"_id":"4afsJkjhZDyoeMNnfv/Mbr"},{"__type__":"cc.Node","_name":"Main Camera","_parent":{"__id__":2},"_level":1,"_components":[{"__type__":"cc.Camera","node":{"__id__":3},"_clearFlags":7,"_depth":-1}],"_scale":{"__type__":"cc.Vec3","x":1,"y":1,"z":1}},{"__type__":"cc.Node","_name":"bg","_parent":{"__id__":2},"_components":[{"__type__":"cc.Sprite","node":{"__id__":4},"_spriteFrame":{"__uuid__":"68RN3RXJdF+YLdQba4y7hI"},"_sizeMode":0}],"_contentSize":{"__type__":"cc.Size","width":750,"height":1096},"_scale":{"__type__":"cc.Vec3","x":1,"y":1,"z":1}},{"__type__":"cc.Node","_name":"label","_parent":{"__id__":2},"_components":[{"__type__":"cc.Sprite","node":{"__id__":5},"_spriteFrame":{"__uuid__":"2boxBQPENBZb0AcBp2/EBP"}}],"_color":{"__type__":"cc.Color","r":226,"g":167,"b":43},"_contentSize":{"__type__":"cc.Size","width":233,"height":31},"_position":{"__type__":"cc.Vec3","x":-2,"y":-398},"_scale":{"__type__":"cc.Vec3","x":1,"y":1,"z":1}},{"__type__":"cc.Node","_name":"nettips","_parent":{"__id__":2},"_components":[{"__id__":7}],"_color":{"__type__":"cc.Color","r":255,"g":225,"b":160},"_contentSize":{"__type__":"cc.Size","height":40},"_position":{"__type__":"cc.Vec3","y":-346},"_scale":{"__type__":"cc.Vec3","x":1,"y":1,"z":1}},{"__type__":"cc.Label","node":{"__id__":6},"_srcBlendFactor":1,"_useOriginalSize":false,"_fontSize":30,"_N$horizontalAlign":1,"_N$verticalAlign":1},{"__type__":"cc.Node","_name":"root","_parent":{"__id__":1},"_level":1,"_components":[{"__type__":"16f93sEHY5KvYnG1mEPAY7W","node":{"__id__":8}}],"_position":{"__type__":"cc.Vec3","x":320,"y":512},"_scale":{"__type__":"cc.Vec3","x":1,"y":1,"z":1},"_id":"86mG7NG9NB0KK3Xp2ENEni"}]]