[{"__type__":"cc.Prefab","_name":"TipsUI","data":{"__id__":1}},{"__type__":"cc.Node","_name":"tips","_components":[{"__type__":"cc.Label","node":{"__id__":1},"_useOriginalSize":false,"_string":"Label","_N$string":"Label","_N$horizontalAlign":1,"_N$verticalAlign":1},null],"_prefab":{"__type__":"cc.PrefabInfo","root":{"__id__":1},"asset":{"__uuid__":"d5fxJAhK9NhbQlJzHCEJfI"},"fileId":"ceb65hEektPV6rxtoYThe28"},"_contentSize":{"__type__":"cc.Size","width":97.87,"height":40},"_scaleX":1,"_scaleY":1,"_scale":{"__type__":"cc.Vec3","x":1,"y":1,"z":1}}]