[{"__type__":"cc.Prefab","_name":"Pokertype","data":{"__id__":1}},{"__type__":"cc.Node","_name":"Pokertype","_children":[{"__id__":2}],"_components":[{"__type__":"cc.Sprite","node":{"__id__":1},"_sizeMode":0},{"__type__":"34e68KzfLNAy61TQsCHHH18","node":{"__id__":1},"sprite":{"__id__":3}}],"_prefab":{"__type__":"cc.PrefabInfo","root":{"__id__":1},"asset":{"__uuid__":"97BBZ7VHxMFZ8DQZtSxYSw"},"fileId":"1a1bdWK51dPYKw47enhTVw2"},"_contentSize":{"__type__":"cc.Size","width":165,"height":45},"_scaleX":0.6,"_scaleY":0.6,"_scale":{"__type__":"cc.Vec3","x":1,"y":1,"z":1}},{"__type__":"cc.Node","_name":"sprite","_parent":{"__id__":1},"_components":[{"__id__":3}],"_prefab":{"__type__":"cc.PrefabInfo","root":{"__id__":1},"asset":{"__uuid__":"97BBZ7VHxMFZ8DQZtSxYSw"},"fileId":"cca05Vv/DBF0LFk+vDUcPPo"},"_contentSize":{"__type__":"cc.Size","width":89,"height":49},"_position":{"__type__":"cc.Vec3","y":14},"_scaleX":1,"_scaleY":1,"_scale":{"__type__":"cc.Vec3","x":1,"y":1,"z":1}},{"__type__":"cc.Sprite","node":{"__id__":2}}]