[{"__type__":"cc.BitmapFont","_name":"bullfight_multi","spriteFrame":{"__uuid__":"3cLLdvigRBf4+5Ki55Z9lW"},"fontSize":32,"_fntConfig":{"commonHeight":30,"fontSize":32,"atlasName":"bullfight_multi.png","fontDefDictionary":{"9":{"rect":{"x":0,"y":0,"width":0,"height":0},"xOffset":0,"yOffset":0,"xAdvance":36},"32":{"rect":{"x":0,"y":0,"width":0,"height":0},"xOffset":0,"yOffset":0,"xAdvance":9},"48":{"rect":{"x":24,"y":88,"width":23,"height":30},"xOffset":0,"yOffset":0,"xAdvance":21},"49":{"rect":{"x":49,"y":0,"width":17,"height":30},"xOffset":0,"yOffset":0,"xAdvance":15},"50":{"rect":{"x":24,"y":57,"width":23,"height":30},"xOffset":0,"yOffset":0,"xAdvance":21},"51":{"rect":{"x":48,"y":31,"width":23,"height":30},"xOffset":0,"yOffset":0,"xAdvance":21},"52":{"rect":{"x":0,"y":26,"width":24,"height":30},"xOffset":0,"yOffset":0,"xAdvance":22},"53":{"rect":{"x":48,"y":93,"width":22,"height":30},"xOffset":0,"yOffset":0,"xAdvance":20},"54":{"rect":{"x":48,"y":62,"width":23,"height":30},"xOffset":0,"yOffset":0,"xAdvance":21},"55":{"rect":{"x":25,"y":0,"width":23,"height":30},"xOffset":0,"yOffset":0,"xAdvance":21},"56":{"rect":{"x":0,"y":57,"width":23,"height":30},"xOffset":0,"yOffset":0,"xAdvance":21},"57":{"rect":{"x":0,"y":88,"width":23,"height":30},"xOffset":0,"yOffset":0,"xAdvance":21},"120":{"rect":{"x":0,"y":0,"width":24,"height":25},"xOffset":0,"yOffset":5,"xAdvance":22}},"kerningDict":{}}},{"__type__":"cc.SpriteFrame","content":{"name":"bullfight_multi","texture":"9f2hwKUtRFPI+RPI+Nwp2O","rect":[0,0,71,123],"offset":[-28.5,2.5],"originalSize":[128,128]}}]